attendance,study_hours,previous_marks,sleep_hours,internet_access,tuition,extracurricular,screen_time,assignments_completed,final_marks
85,4,62,5,1,1,0,8,2,73.8
96,5,76,7,1,1,1,7,3,97.1
77,8,45,8,1,1,0,4,3,99.4
82,6,40,5,0,1,0,8,2,69.4
97,7,46,5,0,1,0,2,2,88.8
50,4,88,6,1,1,1,2,9,100.0
83,1,84,9,0,0,1,2,1,75.2
93,2,42,5,1,0,0,8,7,62.4
91,8,47,4,1,1,0,4,6,100.0
93,2,52,8,1,0,1,4,4,75.4
84,8,54,9,1,1,0,2,6,100.0
77,6,83,5,1,0,1,1,9,100.0
58,1,57,4,1,0,0,2,2,53.4
59,8,67,9,0,0,0,3,2,96.1
81,1,54,8,1,1,0,4,4,70.8
77,7,73,8,1,0,0,1,1,100.0
84,8,40,6,1,1,1,5,5,100.0
70,8,76,7,0,0,1,4,10,100.0
64,3,90,8,0,0,1,7,5,82.3
84,4,93,8,0,1,0,2,3,98.0
54,7,47,7,1,1,0,4,5,92.6
53,6,93,6,1,1,1,5,2,99.3
92,5,42,5,1,0,1,2,9,93.2
70,4,44,7,0,0,0,6,9,74.6
53,6,82,9,0,1,1,4,10,100.0
94,6,84,8,1,0,1,8,3,100.0
94,3,100,9,0,1,1,2,4,100.0
61,8,83,5,1,1,1,5,7,100.0
65,8,68,4,1,0,1,1,10,100.0
69,6,57,4,0,1,1,7,8,88.1
94,3,80,8,1,0,1,4,9,100.0
76,6,78,5,0,1,0,8,5,89.4
85,8,45,8,0,0,1,3,2,93.5
62,8,83,8,1,0,0,3,5,100.0
58,8,79,5,1,1,1,5,9,100.0
67,4,44,5,0,0,0,8,1,51.0
92,4,64,9,0,1,1,3,10,100.0
62,8,77,7,0,0,0,6,1,90.2
98,1,60,5,0,1,1,6,6,69.6
53,6,60,9,1,1,1,7,4,93.1
56,2,91,5,0,1,1,8,1,65.6
100,8,83,6,1,0,1,3,7,100.0
93,5,100,6,0,0,1,2,7,100.0
76,6,89,6,1,1,1,7,10,100.0
99,2,91,7,1,0,1,5,7,94.7
81,4,51,9,0,0,1,6,3,74.6
50,3,94,8,1,0,1,1,3,91.1
97,8,89,5,0,0,1,4,10,100.0
63,6,49,9,0,1,1,5,4,88.7
53,8,59,5,1,1,1,1,6,100.0
57,3,43,7,0,1,1,4,7,73.6
76,8,41,9,1,0,1,2,7,100.0
68,8,69,5,1,0,0,4,1,92.2
58,3,78,8,0,0,1,3,2,76.3
56,8,62,8,1,1,0,6,7,100.0
80,3,95,5,1,0,1,4,4,89.0
68,5,94,8,1,1,1,3,7,100.0
98,8,84,6,1,1,0,3,1,100.0
80,1,45,8,0,0,0,8,3,49.0
71,3,77,9,1,0,1,7,8,91.5
79,3,49,7,1,1,0,7,9,81.9
68,7,96,8,1,0,0,7,4,100.0
80,4,64,6,0,1,1,2,1,80.6
96,7,45,5,1,1,1,6,9,100.0
73,2,73,4,0,0,0,2,1,60.8
89,6,55,9,1,0,0,2,9,100.0
74,3,40,4,1,0,1,1,10,80.3
80,6,64,9,0,1,1,2,4,100.0
60,6,55,7,0,0,0,6,8,85.0
98,5,92,5,0,1,1,4,7,100.0
95,1,82,7,1,0,0,5,10,88.3
68,3,44,6,0,0,1,5,10,73.7
72,8,47,8,1,1,1,5,9,100.0
60,3,94,9,0,1,1,1,4,97.1
74,4,99,5,1,1,0,8,10,100.0
68,3,65,6,1,0,0,2,5,78.6
90,1,57,8,1,0,1,3,5,75.3
60,7,74,7,1,0,0,3,7,100.0
97,5,64,5,0,1,1,5,2,84.5
60,4,57,8,1,0,1,3,2,78.3
87,6,76,7,1,1,1,7,9,100.0
56,8,74,8,0,0,1,8,1,89.8
97,3,99,7,0,1,1,5,8,100.0
96,4,100,7,1,0,1,6,5,100.0
89,3,46,6,1,0,0,1,6,78.7
89,6,89,6,1,0,1,4,7,100.0
77,5,70,9,1,1,1,6,4,98.4
69,2,84,7,0,1,0,2,5,83.4
85,7,47,7,1,0,1,2,2,93.8
76,4,84,8,0,0,0,5,7,91.3
93,2,64,7,1,0,1,3,7,85.7
69,6,62,6,0,0,0,5,10,93.1
76,8,53,9,1,0,0,4,5,100.0
88,3,52,6,0,0,0,2,3,68.4
57,3,87,5,1,1,1,7,3,79.7
80,7,44,5,1,0,0,5,2,80.1
60,8,75,7,0,0,1,1,7,100.0
67,2,98,6,1,1,0,3,2,84.1
53,5,56,8,1,1,0,6,4,83.0
97,5,46,8,0,0,0,6,9,87.8
70,8,95,9,1,0,1,1,5,100.0
67,4,68,5,1,0,0,4,8,85.6
87,2,89,5,1,1,1,7,5,85.5
62,8,72,4,0,0,1,8,3,86.2
67,4,88,9,0,1,1,4,2,92.6
72,3,66,9,1,0,0,5,6,83.3
70,1,90,6,1,0,0,7,3,67.5
64,6,78,9,0,0,0,1,3,96.5
91,6,62,8,1,0,0,7,1,85.5
78,1,60,7,0,1,1,8,5,64.6
63,5,91,9,0,0,0,7,9,99.5
95,7,49,8,0,1,1,4,6,100.0
53,1,41,9,0,0,0,3,9,63.5
51,8,90,5,1,0,1,4,6,100.0
89,3,77,9,0,1,0,1,8,100.0
81,5,61,6,1,1,0,4,6,93.6
61,6,59,6,1,0,1,3,7,95.3
87,6,79,9,1,1,1,2,4,100.0
91,4,87,7,0,1,1,7,4,92.5
93,6,74,4,0,1,0,1,9,100.0
76,1,84,9,0,1,1,4,2,77.8
75,2,44,8,0,1,1,1,6,77.1
73,7,47,9,1,1,0,1,5,100.0
67,2,54,9,0,1,1,2,6,80.0
55,5,97,4,1,1,0,7,5,92.3
75,5,74,4,1,0,0,4,7,90.6
68,4,73,8,0,0,1,8,8,85.8
93,1,91,8,1,0,0,8,5,79.0
98,2,71,9,1,0,1,1,9,100.0
94,5,96,8,1,0,0,8,8,100.0
80,4,99,4,0,1,1,7,6,93.1
92,3,97,5,0,1,1,5,10,100.0
60,3,93,6,0,0,1,2,4,84.2
75,5,42,7,1,1,0,6,10,91.8
79,2,77,4,1,0,0,8,8,73.6
89,1,46,9,1,0,0,2,2,65.2
50,2,66,4,0,1,1,2,2,63.4
92,2,88,7,0,0,1,1,8,95.1
70,6,51,4,1,0,1,8,2,72.4
51,2,98,6,0,1,0,7,7,79.9
98,6,65,4,1,0,0,8,2,80.6
69,3,42,5,1,1,1,1,10,87.1
87,7,82,6,1,1,1,6,10,100.0
56,8,74,5,1,0,1,4,2,96.8
70,5,67,8,0,0,0,1,5,90.3
64,3,75,9,0,1,0,5,3,79.3
59,4,47,9,1,1,0,6,6,81.6
50,1,50,9,0,1,1,5,9,71.5
67,6,61,8,0,0,0,3,9,97.3
77,2,74,8,1,1,1,4,5,88.0
75,8,85,6,1,0,1,7,7,100.0
87,1,53,7,1,1,0,8,2,59.6
93,1,100,9,0,0,0,8,8,85.6
68,3,80,9,1,0,0,3,2,83.1
51,4,73,9,1,0,0,5,9,92.9
78,6,61,6,0,0,0,4,8,92.0
99,5,82,7,0,1,1,3,5,100.0
77,1,92,8,1,0,0,4,4,80.2
90,8,50,4,1,0,0,5,2,87.5
57,6,85,5,1,1,0,7,1,86.9
60,6,68,6,1,1,0,2,7,100.0
75,7,99,5,1,0,0,3,4,100.0
86,1,85,4,1,0,1,2,2,73.2
85,4,84,7,0,1,0,2,9,100.0
75,7,89,5,1,0,1,6,8,100.0
92,6,64,4,0,1,0,6,10,98.0
89,1,100,6,1,1,0,4,7,92.8
65,2,72,6,0,0,0,5,8,72.3
95,3,77,9,1,0,0,6,6,90.8
77,6,92,9,0,0,1,4,7,100.0
93,7,84,5,0,1,0,2,2,100.0
78,3,75,5,1,1,1,5,4,84.1
63,4,59,4,1,1,1,7,10,86.7
73,3,46,4,0,1,0,6,9,70.0
55,6,54,6,0,0,1,8,4,73.6
97,8,92,9,0,0,1,7,4,100.0
100,1,86,7,0,1,0,7,7,81.9
58,2,49,7,1,0,0,1,4,66.7
79,3,91,7,1,1,0,6,5,92.2
79,3,86,5,0,1,0,7,10,89.7
60,1,58,5,0,0,1,7,3,48.7
80,6,80,8,1,1,1,4,7,100.0
99,7,78,4,0,0,1,3,3,98.5
53,7,95,8,1,0,0,4,4,100.0
68,1,57,6,1,0,0,3,1,55.9
95,8,67,5,1,0,1,1,6,100.0
75,6,73,4,0,1,1,8,6,90.2
100,2,69,7,0,0,1,7,4,72.1
94,1,50,9,0,0,1,8,2,56.8
52,1,55,7,0,0,0,5,10,63.9
88,7,84,4,0,1,1,7,5,100.0
82,1,70,4,1,1,1,8,6,70.4
74,8,86,7,1,0,0,2,1,100.0
76,3,93,4,1,1,0,2,8,98.4
93,7,90,6,1,0,0,1,2,100.0
61,5,59,7,1,1,0,5,10,97.3
74,1,59,4,1,0,0,5,3,54.9
99,7,63,9,0,1,1,3,6,100.0
91,2,84,5,0,1,1,2,6,88.8
89,5,80,9,0,1,1,1,10,100.0
77,3,56,9,0,1,0,1,1,76.3
81,2,54,8,0,1,1,7,5,71.3
97,7,66,8,0,1,0,3,8,100.0
54,1,68,6,0,1,0,4,10,74.0
66,5,94,4,1,1,0,1,5,100.0
95,3,77,5,0,1,0,5,2,76.3
79,1,94,7,0,0,1,2,4,80.4
90,7,52,9,0,1,1,1,7,100.0
86,7,52,7,0,0,1,5,5,92.5
50,6,43,6,1,0,1,2,3,80.2
82,1,82,8,0,0,0,8,4,66.2
54,8,89,5,1,1,0,1,9,100.0
56,2,94,6,1,1,1,3,2,83.3
52,2,70,6,1,0,1,7,1,59.9
55,4,83,4,0,0,0,2,3,75.2
63,4,76,6,0,1,0,7,9,87.5
93,4,53,9,0,0,1,4,6,86.8
72,2,40,4,1,1,1,8,9,67.4
66,8,91,7,0,1,0,6,1,100.0
70,8,40,5,0,0,1,6,7,88.0
71,2,52,8,1,0,1,6,9,78.0
81,8,59,9,1,0,0,1,4,100.0
74,2,49,5,0,0,0,4,3,54.4
81,1,79,8,0,1,1,2,3,79.8
87,8,78,6,0,1,0,5,6,100.0
65,5,55,6,1,1,0,1,7,94.5
61,8,64,9,1,0,0,7,2,94.3
73,2,93,8,1,1,1,7,5,90.3
77,8,73,6,1,0,0,5,5,100.0
57,1,92,6,1,0,0,4,5,74.2
67,4,57,4,0,1,0,5,1,63.7
78,7,82,8,0,1,1,3,4,100.0
76,4,89,9,0,0,0,6,1,81.8
100,8,76,7,0,0,0,8,5,100.0
99,1,44,7,0,1,1,2,5,71.4
60,2,66,5,0,0,0,4,1,54.4
84,3,65,7,0,1,1,7,10,89.3
53,1,52,8,0,0,1,1,10,73.9
70,3,95,6,0,0,1,3,2,81.5
56,8,89,4,0,0,1,3,1,95.3
94,2,75,7,0,1,1,1,1,81.3
71,5,63,4,0,1,0,2,1,76.4
100,2,86,8,0,1,1,2,4,93.4
68,2,50,5,0,0,0,8,7,55.6
89,3,42,4,1,0,1,8,2,57.6
62,2,51,4,0,0,1,5,9,64.3
62,8,78,7,1,1,0,3,3,100.0
77,7,40,9,1,1,0,3,5,99.9
81,5,86,9,1,0,1,2,6,100.0
66,2,52,9,0,1,0,2,6,76.0
85,7,84,6,0,0,0,4,10,100.0
93,3,47,7,0,1,0,8,3,65.4
76,5,82,7,0,1,0,5,10,100.0
98,8,42,6,0,0,0,6,5,89.4
90,7,43,4,1,0,1,7,4,83.7
68,2,67,7,1,1,0,4,5,78.4
89,4,99,8,1,1,1,7,2,99.9
66,1,73,5,1,0,1,8,3,59.4
84,4,43,9,0,1,1,6,7,85.0
51,1,74,5,1,1,0,5,5,67.3
90,7,73,8,1,0,1,5,2,100.0
66,4,80,6,0,0,0,6,6,80.2
88,4,60,9,1,0,0,2,7,95.6
69,1,57,7,1,0,0,4,3,60.6
55,4,65,7,0,0,0,6,4,70.0
59,3,53,4,0,1,1,2,5,71.0
72,1,74,5,1,0,0,2,4,69.0
83,7,55,5,0,1,0,1,8,100.0
50,3,57,6,1,0,0,4,2,62.8
95,2,73,5,0,0,0,5,8,76.7
79,5,65,6,1,0,0,4,9,95.8
64,4,61,7,1,1,0,8,9,87.2
50,7,91,8,0,1,0,5,8,100.0
80,3,41,6,1,1,1,5,2,68.9
94,8,68,7,1,1,1,4,6,100.0
82,2,56,6,0,0,0,7,7,64.3
98,6,77,5,0,0,0,6,7,95.4
91,3,42,5,1,1,1,2,6,82.0
58,6,55,8,0,0,0,1,4,86.1
98,5,68,4,0,0,0,1,5,88.3
70,8,64,9,0,0,1,5,1,95.1
67,4,72,7,1,1,1,3,9,100.0
77,2,64,9,1,0,0,2,5,81.0
71,8,79,5,0,0,1,6,8,100.0
82,3,40,8,0,0,1,1,4,72.9
84,2,82,6,0,1,1,3,10,95.1
70,6,71,4,0,0,1,3,10,98.9
59,2,72,4,1,0,0,4,1,59.6
78,3,71,4,0,0,0,2,2,68.0
68,6,63,9,1,0,0,8,9,97.8
53,6,94,8,0,1,1,3,6,100.0
53,8,52,9,1,1,0,2,7,100.0
89,1,83,6,1,0,0,3,7,82.5
77,4,79,6,0,1,0,1,10,100.0
63,7,60,7,1,0,1,1,2,96.1
93,7,60,9,1,1,1,3,3,100.0
75,5,45,7,1,0,1,1,4,86.5
73,1,69,9,0,0,0,1,2,67.7
55,8,48,6,1,1,0,7,5,91.7
51,2,54,4,0,0,1,6,4,51.8
60,2,48,5,0,0,1,8,6,54.2
83,6,64,4,0,1,1,3,4,91.7
53,7,63,9,1,1,1,7,8,100.0
65,7,92,9,1,0,1,1,1,100.0
97,1,94,4,1,1,1,7,1,74.5
61,2,78,6,0,1,1,8,9,79.4
56,5,49,9,0,1,0,5,10,91.3
89,7,96,7,1,1,1,4,9,100.0
54,7,49,5,0,1,0,8,3,74.4
99,7,94,6,1,0,1,6,4,100.0
71,8,67,8,0,0,1,2,8,100.0
86,7,42,6,0,1,0,8,2,78.0
51,5,59,6,0,0,1,2,7,84.8
68,3,75,7,0,0,0,6,4,71.6
67,5,86,4,0,1,0,4,3,85.8
94,3,96,7,1,1,0,8,1,86.2
56,2,78,5,1,1,0,1,3,76.9
76,6,61,5,1,0,1,3,1,85.1
54,1,50,8,0,1,0,5,8,65.3
95,7,45,6,0,0,1,3,7,96.5
54,2,100,9,0,1,1,8,7,88.8
90,8,83,4,0,1,1,3,6,100.0
63,4,93,4,1,1,1,4,4,92.8
84,5,91,7,0,0,1,5,7,100.0
56,4,75,5,1,0,1,4,3,79.2
80,2,47,7,0,0,0,1,1,59.3
57,5,75,6,0,0,0,7,8,83.9
78,7,60,7,0,1,1,7,9,100.0
73,8,42,4,1,0,0,8,4,80.4
65,7,58,6,1,1,1,5,4,96.7
86,3,46,5,1,1,0,4,8,80.6
87,5,66,5,0,1,1,2,1,85.8
59,2,92,6,1,0,1,7,6,80.1
90,3,40,7,1,0,0,1,6,78.5
92,5,52,8,1,0,0,8,3,79.2
80,2,47,4,0,0,1,1,7,68.3
69,5,68,7,1,0,0,1,1,85.5
84,4,83,6,0,0,1,4,6,91.0
77,8,75,9,1,0,1,8,1,100.0
57,3,89,9,1,0,0,7,8,90.5
87,7,88,5,0,0,0,3,1,95.1
55,3,85,4,0,1,0,1,4,79.5
63,7,62,8,0,1,1,6,10,100.0
70,5,66,6,1,1,0,3,6,94.9
72,4,49,9,0,0,1,6,2,70.0
85,7,59,8,0,0,1,5,5,97.1
55,3,50,4,0,0,1,2,2,58.0
99,1,89,5,0,0,0,3,4,73.9
66,6,97,6,0,1,1,5,8,100.0
75,1,48,9,0,0,0,2,10,74.2
71,1,76,5,1,0,1,4,8,77.6
71,1,51,6,0,1,0,8,6,56.6
51,5,72,6,0,0,0,7,5,75.5
78,3,70,4,1,1,1,2,7,90.6
67,5,60,7,1,1,0,7,6,87.9
97,7,86,7,1,1,1,8,2,100.0
79,3,70,8,0,0,0,3,8,86.3
97,7,89,8,1,0,0,6,4,100.0
83,4,62,8,1,0,0,8,10,90.4
90,6,67,8,1,0,1,4,5,100.0
69,5,51,4,1,0,0,8,6,72.2
52,3,80,5,0,0,1,2,9,85.4
50,1,64,8,0,0,1,1,10,78.1
63,8,93,7,0,1,1,4,4,100.0
96,4,85,8,0,0,1,5,3,90.7
99,1,71,6,0,0,1,3,8,79.7
53,5,61,4,1,0,1,2,4,81.0
77,2,61,6,1,0,0,6,5,67.8
72,5,95,7,0,1,0,8,5,94.4
58,4,46,9,0,1,0,3,8,84.5
76,8,51,7,0,0,0,6,2,84.6
87,2,46,6,1,0,1,1,8,80.3
81,8,48,5,1,0,0,1,2,92.9
92,6,87,9,1,1,0,5,4,100.0
91,5,91,8,0,1,1,6,6,100.0
84,1,60,9,0,0,1,8,9,72.8
55,7,85,4,1,0,1,3,9,100.0
54,2,76,6,1,1,1,2,5,83.2
50,2,59,6,1,1,1,6,6,71.6
77,7,68,7,1,1,0,4,7,100.0
65,6,93,4,0,1,1,6,3,93.2
58,7,99,5,1,0,1,5,2,100.0
86,8,60,7,0,0,1,1,1,98.7
90,1,53,5,0,1,1,3,3,63.7
75,3,75,7,1,0,0,8,2,71.0
81,6,90,8,1,1,1,8,4,100.0
86,2,65,4,0,0,1,2,6,73.2
66,1,80,8,0,0,1,1,8,83.7
56,3,51,6,0,1,1,6,10,77.6
97,5,62,6,0,0,1,4,8,94.2
96,1,76,4,1,1,0,2,3,75.6
85,1,55,9,0,0,0,8,1,52.0
73,6,96,4,1,1,1,7,1,95.5
62,4,50,8,0,0,1,8,7,73.4
84,8,65,7,1,0,0,4,7,100.0
89,3,41,4,0,1,1,3,9,78.7
66,5,72,8,0,1,0,8,3,82.0
68,6,99,4,1,1,1,1,6,100.0
100,6,93,5,1,1,0,6,3,100.0
66,4,63,4,0,1,0,5,7,77.9
98,5,41,4,1,1,1,2,1,81.0
81,8,62,6,1,1,0,2,5,100.0
59,2,90,7,1,0,0,4,5,80.8
92,5,86,6,0,0,1,5,8,100.0
50,2,47,6,1,0,0,8,2,47.8
58,7,54,5,0,1,1,8,3,80.2
89,2,88,8,0,1,1,3,3,88.5
70,7,82,6,1,1,0,2,2,100.0
63,3,42,6,1,0,1,6,9,73.4
70,6,63,7,0,0,1,8,9,92.2
60,4,44,6,0,0,1,4,1,60.6
54,2,96,4,1,0,1,4,9,87.2
65,7,87,6,1,0,0,6,5,100.0
87,2,73,9,1,1,0,2,7,95.6
58,3,94,9,0,0,1,3,2,84.7
83,1,72,9,1,1,0,7,6,79.9
62,7,85,5,0,0,1,6,6,97.4
75,2,76,8,1,0,1,8,7,81.4
70,2,82,4,1,1,0,8,10,82.8
89,3,71,9,0,0,0,4,4,81.2
52,2,44,4,0,1,1,8,7,56.0
51,2,76,9,0,0,1,2,9,86.6
59,5,95,4,1,1,1,7,2,89.3
78,8,98,7,0,0,1,7,6,100.0
57,3,81,6,1,0,0,6,9,84.8
62,8,64,9,1,0,1,2,9,100.0
56,5,40,4,1,1,1,8,9,79.2
71,8,87,5,1,0,0,6,2,99.0
88,3,89,7,1,0,0,3,10,100.0
63,1,51,4,1,0,0,8,6,51.0
75,5,97,4,0,0,0,1,8,100.0
70,5,40,4,0,0,0,6,8,70.0
60,5,68,5,1,1,0,8,1,74.2
51,4,52,8,1,0,0,4,2,70.0
70,6,86,7,0,1,1,4,3,100.0
90,4,78,8,0,0,0,3,2,84.7
68,7,68,9,1,0,0,6,1,91.8
68,4,85,4,0,0,0,8,2,67.6
65,2,56,7,1,0,0,5,7,70.9
94,7,77,6,0,1,0,8,6,100.0
77,3,87,4,0,0,0,7,9,80.7
84,5,69,6,0,1,1,2,9,100.0
69,4,44,4,0,0,0,1,3,63.9
87,7,98,4,0,0,0,5,6,100.0
97,5,98,8,1,0,0,1,5,100.0
61,3,90,9,0,0,1,7,2,77.7
64,4,95,9,0,0,0,4,10,100.0
93,4,68,6,0,0,0,2,3,80.8
51,7,67,5,0,1,1,2,6,99.0
78,3,51,6,0,1,0,4,10,82.0
65,4,54,9,1,1,1,3,4,89.1
97,4,50,6,1,0,0,6,9,85.4
57,7,70,6,1,1,1,7,3,94.9
52,6,68,7,1,1,1,4,7,100.0
89,3,51,6,0,0,0,1,10,83.7
54,4,92,8,1,0,0,3,5,94.1
88,7,84,4,1,1,1,5,4,100.0
60,5,74,4,1,1,1,6,6,90.6
97,1,71,7,0,1,1,8,3,68.8
55,1,64,9,1,0,0,8,7,66.6
93,4,71,5,1,1,1,2,8,100.0
56,1,91,8,1,1,0,5,4,79.1
87,3,42,4,0,0,1,5,4,60.7
87,5,98,6,0,1,1,3,9,100.0
65,1,59,5,1,1,0,8,4,57.6
79,2,47,6,0,0,1,2,4,64.6
80,3,74,6,1,1,0,7,4,80.1
52,2,45,9,1,1,1,5,4,69.9
66,5,61,5,0,1,1,5,2,77.1
77,6,73,7,0,1,1,8,10,100.0
53,5,63,7,0,1,0,3,1,77.3
84,6,84,8,0,0,1,2,4,100.0
58,3,47,5,1,1,1,1,5,76.9
100,3,52,6,1,0,1,1,7,88.3
75,6,89,7,0,1,0,6,8,100.0
85,6,72,6,1,0,1,2,1,94.8
80,7,50,7,1,0,0,7,7,93.5
57,2,61,4,0,0,1,4,2,54.8
59,4,68,9,0,0,0,5,10,89.5
69,2,76,6,0,0,1,6,7,74.2
71,8,87,8,0,1,0,6,1,100.0
99,5,44,9,1,1,0,3,10,100.0
63,7,52,5,1,1,1,5,5,93.9
61,6,95,9,1,0,1,1,10,100.0
74,8,85,5,0,0,1,6,3,98.8
50,5,75,6,1,0,0,7,5,81.5
56,4,74,9,0,0,1,7,2,75.3
50,1,61,6,0,1,0,7,5,55.9
70,3,70,7,1,0,1,5,9,89.5
70,4,88,9,0,1,1,4,3,95.2
100,2,81,8,0,0,0,5,7,84.9
60,7,46,7,0,1,0,4,7,92.4
58,4,74,6,0,1,0,1,3,82.7
87,5,44,7,0,0,0,8,5,72.0
93,2,95,8,0,1,0,2,10,100.0
100,4,95,7,0,0,1,6,8,100.0
53,4,67,8,0,0,0,2,6,82.4
95,3,73,5,1,0,0,7,9,85.7
80,7,62,6,0,1,1,6,6,98.8
78,1,56,9,0,1,0,7,9,73.5
53,6,42,9,0,0,1,5,5,80.9
86,8,79,8,1,1,1,7,8,100.0
58,3,52,4,0,1,1,3,7,72.9
85,1,54,8,1,0,0,4,7,72.6
58,5,89,9,0,1,1,2,10,100.0
74,2,72,4,0,1,1,1,9,86.1
83,4,40,7,1,1,1,3,4,83.1
78,1,53,8,1,1,1,8,9,76.8
76,8,90,8,0,0,1,5,6,100.0
93,5,96,7,1,0,0,5,4,100.0
50,1,68,6,0,1,1,8,2,54.2
74,5,76,8,1,1,1,6,4,98.2
97,1,81,5,1,0,1,2,3,77.8
50,3,91,5,1,0,0,8,1,66.4
81,4,41,5,1,0,1,7,9,78.1
92,8,41,4,0,0,0,7,1,74.3
79,7,74,9,0,1,1,3,4,100.0
88,6,58,4,0,1,0,6,8,90.8
89,7,64,4,1,0,0,5,9,100.0
90,6,43,9,1,1,0,1,7,100.0
51,6,48,5,0,1,1,2,4,82.4
50,7,56,7,0,0,1,4,3,84.4
88,1,70,9,1,0,1,5,10,89.1
93,5,87,7,0,0,1,3,1,92.9
60,4,78,8,0,1,0,1,10,100.0
87,1,44,5,0,0,1,3,9,66.5
86,3,72,7,0,0,0,5,1,69.5
75,1,76,5,1,0,1,8,8,72.4
78,6,64,5,1,1,0,1,4,97.7
97,8,83,4,1,1,0,5,2,100.0
83,5,88,4,1,1,1,2,1,96.8
51,2,46,9,0,0,1,5,2,56.1
71,3,83,7,1,0,1,5,6,88.9
76,6,57,4,1,0,1,4,7,92.0
78,1,79,7,1,1,0,4,9,88.2
78,3,48,5,1,1,0,7,6,71.3
54,8,85,5,1,1,0,3,1,100.0
95,5,82,6,0,1,1,8,8,100.0
51,8,57,4,0,1,0,8,4,82.0
51,7,48,5,0,1,0,3,2,78.9
57,1,81,6,1,0,0,2,4,70.8
66,1,57,8,1,0,1,7,3,60.5
73,3,47,8,1,1,0,1,7,86.9
95,2,84,5,1,1,0,8,2,74.6
97,6,82,6,1,0,1,2,3,100.0
86,6,68,9,0,0,0,1,9,100.0
65,1,62,4,1,0,0,2,2,56.8
99,1,65,9,0,1,0,3,4,77.3
67,3,92,4,0,0,0,5,3,71.7
65,8,99,7,1,0,0,2,9,100.0
62,5,57,8,1,0,0,8,2,73.2
55,7,98,9,1,0,0,2,2,100.0
54,1,100,7,1,1,0,1,9,96.3
88,5,71,8,0,1,1,6,10,100.0
59,8,67,7,0,1,1,5,6,100.0
79,2,93,9,0,1,0,7,7,89.5
63,8,90,9,0,0,0,8,5,100.0
72,8,59,6,0,1,0,5,5,97.5
57,2,73,6,0,1,1,4,8,80.6
62,6,92,8,1,1,1,5,1,100.0
64,7,53,6,0,0,1,5,6,88.5
90,2,70,7,1,1,1,1,1,83.5
91,6,56,8,0,1,0,8,5,89.6
56,7,66,4,1,0,0,8,10,93.6
58,5,57,7,1,1,0,4,9,95.4
66,5,45,5,0,0,1,5,7,75.7
77,7,71,7,0,1,1,6,5,100.0
67,1,81,4,0,1,1,2,8,79.8
61,1,48,8,1,0,1,5,5,62.9
92,1,68,6,0,1,1,4,3,70.6
53,2,57,5,0,0,1,4,1,52.4
74,7,89,8,1,0,0,7,8,100.0
52,4,81,6,1,1,0,1,9,100.0
67,2,71,8,0,0,0,4,4,69.8
57,8,86,8,1,0,0,7,4,100.0
54,3,45,7,1,0,0,1,3,67.3
93,7,55,4,0,1,0,6,6,91.6
73,5,86,9,0,1,1,8,8,100.0
66,1,58,7,0,1,0,6,1,53.4
54,5,83,4,0,0,1,1,5,88.5
86,6,93,4,1,0,0,8,8,100.0
77,8,48,8,0,1,1,7,5,98.1
92,6,68,8,0,0,0,5,3,90.1
83,2,41,4,1,1,1,2,8,77.0
84,2,41,8,1,0,0,4,7,72.2
66,2,74,5,1,0,1,8,2,62.8
51,2,88,9,1,1,0,6,7,88.4
71,5,100,4,1,1,0,8,6,97.2
74,5,51,6,1,1,0,4,8,92.2
95,7,70,6,1,0,0,5,1,93.5
79,6,50,7,1,0,0,7,9,92.3
57,5,55,6,0,0,0,5,6,74.9
96,5,56,9,0,1,0,4,4,91.6
65,8,45,9,1,1,0,6,6,100.0
65,7,80,5,0,1,0,7,2,88.5
83,3,89,5,1,1,1,2,5,97.2
100,6,52,6,0,1,1,1,1,91.3
50,5,76,5,1,0,1,7,7,86.9
91,4,64,5,1,0,0,1,4,85.3
89,3,93,4,1,1,0,7,9,95.5
51,2,76,7,1,0,0,3,3,71.1
64,6,73,7,0,0,1,5,10,100.0
74,2,49,6,1,0,0,5,1,55.9
80,1,40,6,0,1,1,5,2,53.5
58,6,41,8,1,0,0,3,7,88.5
92,1,92,4,0,0,1,8,3,65.2
69,8,70,7,1,1,0,1,5,100.0
61,4,99,8,1,1,0,4,2,95.8
51,2,100,8,0,0,0,3,1,73.7
58,7,44,6,0,1,0,5,5,83.7
55,4,92,7,0,0,1,8,6,84.8
65,2,71,7,0,0,0,2,5,72.4
77,2,82,5,1,1,1,8,5,79.2
64,1,65,6,0,1,1,2,2,64.8
97,4,73,6,1,0,1,7,1,80.1
70,4,51,4,0,0,0,8,2,54.4
75,6,67,7,0,1,0,3,6,98.3
99,7,86,9,1,1,0,3,1,100.0
71,5,96,4,1,1,0,3,5,100.0
91,3,72,4,0,1,1,1,10,96.5
57,8,44,8,1,0,0,4,2,88.0
62,2,72,4,1,0,0,3,10,79.7
86,6,89,4,0,1,0,2,8,100.0
76,2,64,7,0,1,0,8,9,75.8
96,3,84,6,0,1,1,7,2,81.3
99,1,73,6,0,0,1,6,7,74.0
51,4,49,7,0,1,0,3,2,68.3
82,7,100,9,1,0,1,7,6,100.0
90,4,98,9,0,1,1,2,5,100.0
91,4,79,6,0,1,0,3,5,92.3
50,4,58,5,1,0,0,1,4,74.7
72,7,42,5,1,1,1,6,8,96.2
64,4,40,4,1,0,0,5,8,70.3
65,4,47,4,0,1,1,1,7,80.3
96,1,45,4,1,1,0,3,9,73.7
80,8,70,4,1,0,0,1,6,100.0
64,8,46,7,1,1,1,6,10,100.0
77,4,55,7,0,1,1,6,3,76.4
79,7,81,6,1,1,0,6,2,100.0
83,2,50,9,1,1,0,7,6,76.1
83,4,65,4,1,1,1,6,7,88.6
52,2,43,7,1,1,0,8,9,67.6
79,2,55,9,0,0,0,4,10,79.8
57,2,47,9,1,1,1,2,1,70.2
91,3,64,8,0,0,1,5,6,82.3
79,6,46,9,1,0,0,5,3,85.7
71,2,61,4,0,0,1,3,3,61.1
57,8,41,5,0,1,1,7,3,81.3
97,1,79,5,1,0,1,5,9,84.5
50,7,58,7,0,1,1,8,5,88.2
59,6,51,5,1,0,1,1,4,86.7
51,4,50,5,1,1,0,7,10,79.7
51,6,82,6,0,0,1,8,9,94.0
55,4,45,6,0,0,0,4,10,75.0
80,3,58,5,1,0,0,8,2,61.2
53,6,99,5,1,0,1,6,5,99.2
65,4,65,7,1,1,1,3,5,91.5
77,6,53,9,1,0,1,3,5,98.1
91,2,88,6,0,0,0,5,1,69.9
53,4,65,6,1,0,1,1,1,77.1
54,2,81,6,1,0,1,2,1,72.2
77,2,63,5,1,0,0,1,3,70.1
77,1,54,6,0,0,0,1,1,54.5
98,3,46,5,1,0,0,3,1,65.5
68,5,92,6,0,1,1,8,3,89.4
59,8,92,6,1,1,1,3,7,100.0
71,1,40,4,1,1,0,3,6,60.7
54,6,65,5,1,0,0,7,3,77.3
100,7,59,7,0,1,0,5,8,100.0
87,3,56,7,0,1,1,8,6,76.8
99,3,99,9,0,0,1,3,3,96.9
76,6,65,7,1,0,1,8,1,83.2
88,5,97,9,1,1,0,7,9,100.0
66,2,79,6,0,1,1,2,3,77.8
82,7,96,7,1,1,0,3,5,100.0
100,2,43,8,0,1,0,2,4,73.2
67,7,42,7,0,0,1,5,6,86.7
89,4,63,9,1,1,0,2,10,100.0
73,7,93,6,1,0,1,3,7,100.0
70,8,45,9,0,1,1,4,9,100.0
93,8,68,9,0,0,1,4,2,100.0
54,3,99,8,1,1,1,6,9,100.0
83,3,57,6,1,1,1,7,7,82.9
90,4,80,5,0,0,1,6,2,78.0
93,6,43,8,1,0,0,7,9,94.3
57,3,75,4,0,0,1,4,7,75.4
53,5,70,4,1,1,1,1,2,87.1
75,5,48,4,1,1,0,4,5,81.2
100,2,46,9,0,1,1,2,8,87.4
63,3,64,4,1,0,0,8,6,66.2
56,3,77,9,0,0,0,5,2,71.5
89,5,73,7,1,1,1,5,1,93.5
54,7,57,6,0,0,1,6,7,88.6
83,7,60,5,0,1,0,3,5,96.1
72,4,58,6,1,0,0,2,8,87.6
88,2,40,8,1,0,0,2,2,65.6
100,5,78,8,1,1,0,5,6,100.0
69,5,45,7,1,1,1,3,4,87.3
87,3,87,7,1,1,1,4,6,100.0
60,2,90,8,0,0,0,7,5,73.5
92,7,95,9,0,1,1,4,4,100.0
86,3,57,8,1,0,0,8,2,68.0
65,6,55,8,0,0,0,2,10,98.0
81,2,79,4,1,0,0,6,9,79.8
80,4,89,4,0,1,0,3,1,82.1
78,8,95,7,0,0,0,1,8,100.0
63,1,49,7,0,1,0,4,2,54.2
90,5,72,9,1,1,0,7,3,95.3
64,7,92,4,0,0,1,5,7,100.0
97,3,81,9,0,1,1,3,5,98.3
68,7,65,9,0,0,1,4,10,100.0
92,6,71,8,1,1,1,8,10,100.0
84,2,43,9,1,0,1,1,8,84.5
86,7,84,7,0,0,1,3,8,100.0
74,3,80,4,0,1,1,1,8,92.3
69,5,99,9,0,0,0,6,7,100.0
81,7,72,4,0,0,1,1,2,93.5
84,1,86,7,0,0,0,6,1,63.2
53,8,58,4,1,1,0,2,4,96.8
55,5,95,6,1,1,1,8,7,100.0
50,6,97,5,0,0,1,6,8,98.8
82,6,62,9,1,0,0,8,6,94.2
70,4,72,5,0,1,1,4,1,76.8
71,6,77,4,1,1,1,3,6,100.0
93,5,73,6,0,1,0,2,8,100.0
89,1,49,6,1,1,0,1,2,66.9
89,6,50,4,0,1,0,8,3,74.8
65,8,74,4,1,1,0,7,9,100.0
61,3,84,4,1,1,1,5,8,90.3
72,6,49,5,0,1,0,5,7,85.5
77,2,92,4,0,1,0,1,4,81.7
60,3,89,4,0,0,1,6,10,84.6
95,6,65,7,0,0,0,3,1,86.5
55,4,73,5,0,1,1,6,5,79.2
51,7,51,4,0,1,1,8,10,89.6
85,4,51,6,0,0,0,8,3,63.4
87,4,70,7,1,0,0,1,8,98.9
67,5,56,6,0,1,0,7,8,83.3
57,5,53,9,0,0,1,1,10,97.1
82,8,75,6,1,0,0,5,1,97.9
89,5,72,6,1,0,1,8,6,91.6
91,7,61,9,1,0,1,8,7,100.0
100,3,64,9,1,0,0,2,9,98.6
51,6,79,4,0,1,1,3,7,97.3
93,7,48,4,1,1,0,4,3,90.8
71,7,51,7,0,0,1,1,7,99.1
89,3,85,7,1,1,0,6,10,100.0
66,5,64,7,1,1,0,8,5,85.8
79,1,86,9,1,0,0,7,6,79.7
73,6,81,6,0,1,1,4,10,100.0
93,6,100,6,0,0,1,8,8,100.0
68,1,72,6,0,0,1,3,8,73.9
61,1,84,8,1,1,1,7,3,75.3
89,2,47,5,0,0,1,8,7,61.6
56,6,72,7,1,1,1,5,3,95.5
92,1,52,8,0,1,0,6,4,64.2
54,2,79,4,1,0,0,6,3,62.4
90,8,98,5,0,0,0,7,5,100.0
61,6,42,6,1,1,0,8,1,71.0
95,4,57,8,0,0,0,7,2,71.3
70,1,40,5,1,1,1,8,3,52.0
88,8,57,9,1,1,1,7,3,100.0
65,4,82,9,1,0,1,8,5,89.8
72,7,91,9,1,0,0,5,3,100.0
55,7,82,5,1,1,0,1,9,100.0
73,1,72,9,1,0,0,3,4,74.9
72,5,66,4,0,1,0,4,9,90.8
65,5,99,5,1,0,0,1,10,100.0
60,6,92,8,0,0,0,1,10,100.0
71,8,42,7,1,1,0,3,5,100.0
93,3,78,8,0,1,1,1,5,97.3
99,3,82,9,1,1,1,5,8,100.0
88,5,91,8,0,0,0,7,10,100.0
54,3,96,8,1,0,0,8,5,83.2
79,7,85,6,0,1,0,4,5,100.0
58,7,48,9,0,1,0,2,6,97.8
71,7,82,7,1,1,1,1,1,100.0
81,8,70,5,0,1,1,2,8,100.0
87,5,83,7,0,1,1,6,8,100.0
80,4,50,6,1,1,0,2,8,91.0
75,6,84,7,1,0,1,4,4,100.0
75,3,74,5,0,0,1,5,7,79.1
94,1,83,9,1,0,1,7,8,88.5
53,7,84,6,1,1,0,8,7,100.0
88,1,79,9,1,1,0,1,9,98.7
51,5,55,6,0,0,1,5,2,68.7
59,4,52,9,1,1,0,2,5,87.6
99,7,74,7,1,0,0,1,3,100.0
64,6,40,8,0,0,0,4,8,84.8
64,8,41,9,0,1,0,2,9,100.0
52,1,95,9,1,0,0,4,6,82.4
53,2,43,4,0,1,0,8,6,50.8
54,6,55,9,0,0,0,5,4,81.3
67,6,54,8,1,0,0,4,6,92.0
52,8,68,6,0,0,1,4,8,100.0
73,1,87,5,0,1,0,4,1,65.4
54,7,59,4,1,0,0,5,1,76.9
66,6,63,7,0,0,0,7,6,83.9
93,5,83,8,1,1,1,8,3,99.8
64,6,54,6,0,1,0,8,6,81.4
90,2,77,9,1,0,1,7,6,86.3
99,8,55,9,0,0,1,3,8,100.0
76,5,78,6,1,1,0,2,6,100.0
64,6,67,8,0,0,0,4,1,81.6
100,4,79,7,1,1,1,7,1,90.1
77,1,58,7,0,1,0,1,2,65.1
85,2,80,4,1,0,1,4,7,83.0
72,8,59,9,0,0,0,6,4,95.0
50,3,50,5,0,1,0,3,6,67.5
65,2,51,7,0,0,0,4,6,63.4
56,2,87,5,1,0,1,6,3,71.0
60,6,99,4,0,0,1,8,10,100.0
61,3,69,7,1,0,0,7,2,67.3
76,1,87,9,1,1,0,2,2,84.0
51,3,77,8,1,0,0,6,5,78.0
56,5,74,6,0,0,1,4,8,90.8
95,8,86,9,1,1,1,2,2,100.0
88,6,65,4,0,1,0,1,5,95.1
60,3,77,5,1,1,1,3,10,96.3
78,7,43,8,1,0,1,8,2,83.8
82,6,75,9,1,0,0,6,4,98.4
63,1,86,5,1,1,1,5,5,77.5
95,3,68,5,1,1,1,4,6,90.2
86,7,75,8,1,1,0,7,1,99.7
74,5,50,6,0,1,1,3,9,93.3
90,5,53,8,1,0,1,4,5,92.2
69,8,94,6,1,1,1,1,8,100.0
69,5,53,6,0,0,0,1,3,76.5
96,3,51,7,1,0,0,3,4,77.1
99,7,48,7,1,0,0,7,2,86.5
50,1,81,9,1,1,0,1,1,75.9
87,6,90,4,0,1,0,3,6,100.0
84,1,66,8,0,1,0,8,9,75.2
81,3,92,5,0,1,0,2,3,86.0
75,6,54,5,0,1,0,8,1,71.6
81,1,90,9,1,1,1,1,10,100.0
69,8,56,9,0,0,0,6,9,100.0
85,5,40,4,0,1,1,7,3,69.5
100,3,42,6,1,1,1,4,7,84.8
81,7,95,4,1,1,0,1,6,100.0
59,1,73,5,0,0,0,8,2,48.0
78,2,68,9,1,1,1,3,10,99.3
61,2,78,7,0,0,1,7,4,67.9
69,6,84,7,0,0,0,4,3,91.4
84,7,97,7,1,0,0,6,8,100.0
62,6,95,9,1,1,1,5,5,100.0
64,4,41,6,0,1,0,8,3,60.2
64,8,99,7,1,0,0,7,6,100.0
61,1,94,9,0,0,0,2,10,89.8
88,5,61,5,0,1,1,3,10,100.0
61,7,45,9,0,0,1,2,3,89.2
52,8,63,4,1,1,0,5,3,92.1
63,5,56,9,1,1,1,7,10,100.0
52,8,99,7,1,0,1,8,2,100.0
62,8,99,8,0,0,1,7,1,100.0
87,2,76,9,0,0,0,1,3,80.3
94,3,44,6,1,1,1,6,8,83.4
95,1,53,9,0,0,0,1,1,63.7
89,7,75,8,0,1,0,3,5,100.0
85,3,75,7,1,0,1,1,8,98.5
78,2,93,6,1,1,0,8,7,86.8
77,5,61,7,1,1,1,5,3,90.3
77,1,88,6,0,0,0,5,2,64.1
70,2,46,7,1,1,0,4,8,76.4
71,3,61,5,1,0,0,3,4,72.1
61,7,70,7,1,0,1,1,7,100.0
86,5,54,4,0,1,1,6,1,72.8
64,8,100,8,1,0,0,2,1,100.0
99,4,93,5,1,1,1,4,7,100.0
57,8,58,9,1,1,1,8,5,100.0
87,8,84,9,0,0,0,2,3,100.0
66,3,41,7,1,1,0,3,10,84.1
88,1,48,6,1,0,0,4,9,70.8
51,5,72,9,1,0,1,3,10,100.0
75,4,88,4,1,0,1,7,6,87.7
81,6,55,8,0,0,0,4,6,90.2
76,1,93,6,1,1,0,2,6,88.4
100,3,88,7,1,0,0,2,10,100.0
61,8,92,4,1,1,1,7,5,100.0
71,2,50,4,0,0,0,8,8,56.2
90,6,64,9,0,1,1,8,2,91.6
95,7,59,5,0,1,0,5,4,93.1
63,2,95,5,0,0,0,6,8,77.6
92,5,56,6,0,1,0,8,10,90.8
100,7,71,4,1,0,1,3,7,100.0
74,4,46,9,1,1,1,3,3,85.7
54,3,53,4,0,1,1,7,7,66.5
88,4,52,9,0,0,0,3,10,91.9
92,2,100,7,0,1,0,7,6,88.9
77,1,59,9,0,1,1,5,4,70.5
80,3,100,9,1,0,1,8,8,100.0
89,7,90,8,0,0,0,8,1,94.8
76,8,47,9,0,1,1,8,3,94.0
87,4,96,5,1,0,1,6,10,100.0
55,6,68,7,1,1,0,8,7,94.2
96,1,67,7,0,0,1,5,3,66.5
99,2,61,8,1,1,0,1,6,90.7
66,5,92,7,0,0,0,8,9,95.0
97,7,47,7,1,1,1,4,1,96.2
70,1,95,9,0,0,0,7,9,82.5
64,4,97,8,0,1,0,5,10,100.0
54,6,76,7,1,0,0,7,7,93.7
63,5,66,7,0,0,0,2,5,85.0
95,6,75,5,1,0,1,3,6,100.0
90,4,79,4,0,0,0,5,6,82.1
82,5,44,5,0,1,1,6,9,86.0
80,1,64,9,0,1,1,6,4,71.6
53,7,42,5,0,0,0,2,4,77.4
66,8,47,8,0,1,1,7,4,93.5
55,4,59,6,1,1,1,7,1,71.1
69,4,100,9,1,0,0,7,7,100.0
96,3,57,8,1,1,1,4,3,86.0
78,4,43,4,0,0,1,5,6,68.3
70,3,49,9,0,0,1,5,10,82.1
70,7,86,4,1,0,0,7,6,97.9
92,8,65,8,0,0,1,4,6,100.0
54,8,96,8,0,1,1,5,4,100.0
88,5,76,6,0,0,0,5,7,91.5
54,7,52,9,1,0,0,7,10,99.1
85,6,50,5,0,0,0,1,1,77.5
62,1,53,6,1,0,1,5,8,67.1
95,2,68,9,1,1,1,8,9,93.2
55,5,85,7,1,0,1,4,2,90.0
89,4,80,4,1,0,0,2,3,85.8
61,2,66,5,0,1,0,3,1,61.1
57,8,67,8,0,0,1,8,9,100.0
85,5,65,9,1,0,0,2,6,100.0
66,7,57,8,0,1,1,1,5,100.0
70,2,86,7,0,1,0,8,4,73.4
94,3,70,8,0,1,0,7,1,74.3
99,7,63,8,0,1,1,4,8,100.0
96,3,57,7,0,1,1,3,5,84.5
97,4,59,7,1,0,0,4,10,96.0
78,3,67,7,0,1,1,8,1,69.4
62,3,55,5,1,1,0,8,6,69.4
59,8,48,4,0,1,0,3,9,97.5
86,4,73,9,1,0,0,8,5,87.4
75,2,49,6,1,1,0,6,8,73.6
60,1,84,7,1,1,0,4,7,82.6
59,3,73,6,1,1,0,5,2,74.5
59,5,42,5,0,1,0,5,3,67.1
73,6,51,5,0,0,0,2,4,80.0
64,1,64,8,1,0,1,4,5,71.4
52,2,49,9,1,1,0,3,2,67.5
79,2,91,4,1,1,0,2,7,91.2
65,1,43,7,0,0,1,7,8,57.7
94,7,70,4,1,1,1,2,7,100.0
79,6,76,4,1,0,0,7,1,80.7
53,4,43,5,1,0,1,1,4,72.3
65,8,50,6,0,0,0,2,5,92.0
59,1,46,5,0,0,1,3,9,61.7
51,1,52,5,1,1,1,7,7,62.5
99,7,83,8,0,0,1,6,3,100.0
92,1,60,6,0,1,1,8,7,69.4
83,5,73,5,0,1,0,6,9,94.8
82,1,52,4,0,1,1,7,9,65.7
55,6,73,4,1,1,0,3,8,99.7
82,6,85,4,0,0,0,6,4,87.4
62,2,62,9,0,1,1,4,10,87.2
52,6,59,5,0,1,1,2,10,99.0
94,2,95,7,0,1,1,5,3,87.3
50,2,78,8,1,1,1,4,7,88.2
99,4,72,7,0,0,1,5,9,96.1
81,6,66,5,0,0,1,1,9,100.0
65,6,44,9,0,1,1,1,2,89.1
61,3,76,9,1,1,0,5,2,82.1
85,6,64,6,1,0,1,8,2,84.6
73,4,62,8,1,1,0,5,10,97.9
99,4,99,4,1,1,1,6,2,95.4
51,7,91,8,1,0,0,5,9,100.0
92,4,50,5,1,0,0,5,7,79.9
56,3,64,4,1,0,0,7,10,74.3
56,4,83,5,0,0,1,1,6,87.9
93,1,53,4,0,1,0,6,6,60.8
57,7,85,8,1,1,1,7,2,100.0
99,5,56,9,1,0,1,4,4,95.2
72,2,81,4,0,1,1,4,6,78.8
78,5,94,8,0,0,1,4,2,95.2
79,5,87,5,1,1,0,3,2,95.1
70,4,75,5,0,0,1,7,6,78.5
84,4,42,6,0,1,1,2,2,74.6
97,1,42,4,0,0,1,5,4,52.7
100,5,57,9,0,1,1,6,6,96.8
56,4,44,9,0,1,1,8,9,80.8
70,2,65,7,1,1,1,3,2,76.5
90,3,76,8,1,1,0,6,3,86.4
96,3,82,6,0,1,1,1,7,99.5
78,8,93,6,0,0,1,8,9,100.0
96,2,47,6,0,0,0,4,4,62.0
85,7,98,7,1,0,1,8,5,100.0
79,2,50,9,1,1,1,5,1,71.3
67,6,80,7,0,0,0,6,10,100.0
53,2,83,8,0,1,0,5,6,79.3
52,5,45,9,1,0,0,8,3,70.4
53,3,93,6,1,1,0,4,2,82.8
74,7,40,4,1,1,1,1,2,89.3
99,5,91,8,0,1,0,3,6,100.0
95,6,98,8,1,1,0,8,5,100.0
74,8,96,7,0,1,0,4,4,100.0
54,7,61,8,0,0,0,1,10,100.0
81,6,51,7,1,0,1,2,10,100.0
99,2,79,9,1,1,0,2,1,88.4
80,8,75,4,0,0,0,5,6,98.5
93,4,45,4,1,1,1,6,10,88.6
65,2,62,5,0,0,1,2,5,67.8
59,6,79,4,0,0,0,8,3,75.4
82,1,47,5,0,1,0,6,10,66.2
79,1,67,6,0,0,1,1,2,65.1
61,1,45,8,0,0,1,7,8,59.7
65,2,76,4,1,1,1,5,3,72.9
80,8,44,9,1,0,0,1,6,100.0
50,1,98,8,1,1,1,4,4,85.2
72,3,61,9,1,0,1,2,5,86.8
85,1,88,4,1,0,0,8,5,68.2
57,4,77,8,0,1,0,5,10,95.7
74,8,94,8,1,1,0,1,2,100.0
79,2,88,8,0,1,0,8,9,88.0
100,4,55,7,1,1,0,4,3,86.0
54,8,43,4,1,1,0,5,3,84.5
55,2,85,4,1,0,0,3,7,77.5
54,6,59,9,1,1,0,8,3,86.4
84,5,51,8,0,0,0,6,8,85.2
72,7,60,9,1,0,0,6,8,100.0
61,6,58,6,0,1,1,7,9,92.9
63,1,81,8,1,1,0,2,10,93.0
94,3,75,4,1,0,1,6,9,88.8
79,3,85,6,0,1,0,3,10,97.3
93,2,45,9,1,1,1,5,8,86.1
59,6,51,4,0,1,1,2,8,91.2
73,5,88,5,1,1,0,4,5,98.8
80,4,45,9,1,1,1,4,4,87.0
79,4,48,7,0,1,0,1,6,84.5
86,3,71,9,1,0,0,1,8,98.1
89,5,65,5,0,0,1,4,8,91.8
61,2,94,4,0,1,1,8,2,67.8
88,1,40,8,1,1,1,4,3,67.6
91,7,48,7,0,0,0,8,4,82.4
100,4,87,5,1,0,1,7,9,100.0
98,5,65,7,1,0,0,5,5,92.1
99,6,68,8,0,0,0,1,2,95.5
99,7,84,8,0,1,1,1,2,100.0
88,6,85,5,1,1,1,8,3,98.6
65,3,90,5,0,1,0,7,6,80.5
86,7,73,7,0,0,0,4,5,99.4
77,1,44,7,0,1,0,2,1,56.0
56,3,62,4,1,0,0,4,4,66.0
87,4,88,8,1,1,0,5,1,93.1
95,2,97,8,0,0,1,1,4,93.3
69,3,93,9,1,1,1,7,4,94.5
80,2,98,6,1,1,0,7,5,86.7
71,5,59,5,1,0,0,1,10,96.3
64,1,78,4,1,1,0,7,5,66.5
66,7,87,9,1,0,0,4,2,100.0
85,5,74,4,1,0,0,2,7,95.6
97,7,67,8,0,1,1,7,3,100.0
69,3,86,6,1,0,1,8,7,85.2
87,5,93,6,0,0,1,3,3,96.1
95,8,84,8,1,0,0,3,8,100.0
59,5,85,9,1,1,1,7,10,100.0
87,6,56,6,1,0,0,6,8,93.8
64,8,69,9,1,0,0,1,8,100.0
77,7,60,5,1,0,0,7,8,94.9
72,7,92,6,1,1,0,6,10,100.0
61,4,98,4,0,0,1,4,6,88.4
92,2,62,8,0,1,1,6,4,76.2
88,6,95,8,0,1,0,1,8,100.0
85,3,66,8,1,1,1,6,10,98.4
90,8,69,6,0,1,1,4,10,100.0
72,4,95,4,1,1,0,4,6,96.4
55,4,48,7,0,0,0,5,9,74.7
83,5,73,8,1,0,0,7,7,95.3
79,7,59,8,0,0,1,7,6,94.9
76,6,55,7,0,1,1,7,9,96.7
95,1,91,9,0,0,1,1,10,99.9
100,2,43,8,0,0,0,3,7,72.7
60,7,59,6,0,1,1,4,9,100.0
84,2,94,4,0,0,0,5,10,84.9
82,1,49,9,0,0,0,2,9,74.0
53,4,89,9,0,1,1,6,3,89.2
80,3,88,9,1,0,0,6,4,88.2
58,8,42,8,1,1,0,7,10,100.0
74,1,59,9,0,1,1,5,8,77.9
96,6,57,8,0,0,1,4,10,100.0
52,2,91,8,1,0,1,3,7,90.3
99,1,91,5,0,1,0,6,8,83.2
85,6,50,8,0,0,1,6,10,97.0
90,1,82,4,1,0,0,3,9,82.3
54,5,93,7,1,1,0,6,10,100.0
89,4,73,5,0,1,0,8,5,80.0
50,1,68,9,0,0,0,3,3,61.7
57,8,100,5,1,1,0,4,2,100.0
52,1,54,8,1,1,1,7,7,69.5
74,6,45,8,0,1,0,1,6,94.3
81,6,94,5,0,1,0,6,8,100.0
82,6,66,5,1,1,1,3,2,95.3
95,7,77,4,1,0,1,6,10,100.0
83,8,67,8,0,1,0,3,8,100.0
71,4,61,5,1,1,0,2,5,85.6
90,3,79,6,1,1,0,4,1,82.6
93,7,70,7,1,1,1,4,4,100.0
53,8,91,4,0,0,1,2,8,100.0
68,8,79,4,0,1,0,5,2,94.7
54,3,73,7,1,0,0,5,6,78.5
78,3,79,9,0,0,0,6,6,83.2
67,2,63,4,1,0,0,6,7,66.6
88,7,41,7,0,1,0,4,6,94.0
80,5,79,6,0,1,0,7,6,91.1
73,1,69,5,0,1,1,2,5,72.2
61,7,74,8,0,0,1,5,1,90.3
100,7,82,7,0,0,0,1,7,100.0
78,1,66,7,1,0,0,5,8,74.5
80,4,48,6,1,1,1,8,8,84.2
75,3,95,8,0,1,0,1,6,99.5
62,4,94,6,1,1,0,6,3,89.0
92,1,90,7,1,1,0,7,10,92.9
79,6,60,5,1,0,1,1,3,92.3
73,7,98,6,0,0,1,3,10,100.0
75,1,93,7,0,0,0,5,1,65.7
68,7,43,4,0,0,1,3,10,92.3
90,3,74,9,1,1,0,8,3,84.6
89,6,62,7,0,1,0,3,7,100.0
80,5,93,4,0,0,0,2,10,100.0
89,8,82,9,0,1,0,3,10,100.0
100,7,47,7,1,0,0,2,7,100.0
86,4,59,6,0,0,0,2,2,73.8
57,4,88,8,1,1,1,4,6,100.0
73,1,53,5,1,0,0,2,6,64.8
71,7,83,7,0,0,1,4,5,100.0
66,6,61,8,1,1,0,3,5,99.1
67,5,55,4,1,1,1,6,8,88.4
99,4,93,7,0,0,0,2,6,100.0
87,8,60,5,0,0,1,7,3,89.9
50,8,98,7,0,0,0,7,9,100.0
62,3,56,7,0,1,0,5,9,79.3
54,3,86,7,0,0,1,3,7,86.7
53,7,53,4,1,0,0,8,2,71.8
59,6,56,7,1,0,0,1,2,85.7
62,8,81,9,0,1,1,6,8,100.0
54,5,62,9,1,1,1,5,2,88.1
90,4,53,6,0,0,0,3,3,72.7
73,4,72,6,0,0,0,2,1,74.4
85,7,56,5,0,1,1,8,8,96.4
53,5,89,4,1,1,0,4,2,87.2
79,7,40,7,0,1,0,3,1,83.3
63,2,71,5,1,1,0,2,6,80.0
56,5,61,7,1,0,0,1,6,90.1
51,3,95,6,0,0,1,3,5,83.7
67,4,92,6,1,0,1,2,6,99.2
76,7,74,7,1,1,0,5,7,100.0
70,7,42,9,1,0,0,8,4,84.8
84,4,69,9,0,1,1,4,2,88.4
96,4,64,8,1,0,1,4,2,86.8
63,7,70,4,0,1,1,4,3,91.6
72,8,70,5,1,0,0,7,4,94.9
65,1,52,4,1,0,0,4,4,53.8
97,5,42,8,0,0,1,1,10,98.7
91,2,57,4,1,0,0,7,7,67.5
83,6,84,7,1,0,0,3,4,100.0
88,3,90,4,0,0,1,4,7,87.6
65,2,68,9,1,0,1,3,7,85.7
58,2,41,8,0,0,1,4,2,55.0
52,6,80,7,1,1,0,1,6,100.0
70,4,83,9,1,1,0,7,1,86.7
57,8,69,5,0,1,0,3,8,100.0
87,6,77,5,1,1,0,5,8,100.0
55,2,51,5,1,0,1,4,6,65.4
58,6,89,8,0,1,0,3,9,100.0
53,8,98,9,0,0,0,8,3,100.0
85,1,68,8,1,0,1,5,9,83.7
69,2,46,7,1,0,0,5,2,57.7
83,4,45,9,1,1,0,6,10,93.6
79,4,72,7,1,0,0,2,9,98.6
54,8,43,4,0,1,0,1,6,91.5
97,4,77,5,1,1,1,3,1,90.7
78,5,49,8,1,1,0,4,6,92.2
87,6,91,7,0,1,0,8,6,100.0
95,8,90,7,0,0,1,8,4,100.0
59,3,60,6,0,0,0,6,6,65.8
58,4,49,7,0,0,0,5,9,75.7
97,3,58,6,0,1,1,8,7,79.6
93,3,68,7,0,0,0,4,9,86.8
87,3,86,7,0,1,1,4,4,90.8
51,8,67,8,1,0,1,4,1,97.0
96,6,90,7,0,1,0,6,5,100.0
50,5,93,7,0,0,1,5,10,100.0
78,7,41,5,0,0,0,5,1,71.5
67,3,81,9,0,1,1,3,3,88.3
93,7,74,7,1,0,1,3,2,100.0
71,7,91,9,0,1,0,3,10,100.0
71,2,97,7,0,0,1,2,5,87.0
96,2,56,5,0,1,0,2,3,69.6
88,8,92,8,0,0,0,6,8,100.0
76,2,79,9,1,1,1,6,9,96.8
51,6,56,8,0,0,1,1,2,84.1
67,3,48,4,1,0,0,5,4,61.1
69,1,88,6,1,0,1,2,4,79.0
82,1,82,8,0,1,1,8,3,72.2
87,8,71,9,1,0,1,1,7,100.0
88,4,44,8,0,0,0,4,9,83.2
69,1,70,8,0,0,0,3,6,70.3
66,8,41,4,1,1,0,6,5,88.6
61,6,79,9,1,0,1,4,5,100.0
55,8,43,5,0,0,1,3,4,84.7
57,3,52,7,1,0,1,1,4,75.7
83,4,72,4,1,1,1,7,5,85.9
71,6,86,7,0,0,0,1,6,100.0
97,5,59,7,1,0,1,4,8,100.0
79,5,96,7,0,0,0,6,1,86.2
88,4,94,7,0,0,0,6,6,92.2
76,6,59,5,0,1,0,3,6,91.3
79,4,59,5,1,1,0,1,6,89.9
100,3,82,4,1,1,0,4,4,87.8
64,5,82,8,0,0,0,7,2,80.1
99,8,58,7,1,0,1,8,2,97.0
79,1,51,8,0,0,1,1,6,70.7
55,4,93,9,0,1,0,8,7,93.2
72,4,79,8,1,1,1,4,3,95.0
66,1,77,6,1,1,1,7,6,75.5
95,4,62,4,0,1,0,1,10,95.3
54,7,62,9,1,1,0,5,6,100.0
54,7,61,8,1,1,1,3,3,100.0
50,4,54,7,0,1,0,1,4,77.1
63,7,53,7,1,0,1,5,3,89.3
95,4,50,8,1,0,0,1,6,90.5
59,8,97,9,0,1,0,8,10,100.0
75,6,94,4,0,0,1,7,9,100.0
83,3,85,6,1,0,1,8,4,81.6
53,1,51,4,0,1,0,4,5,53.0
53,3,71,7,1,1,1,5,7,87.5
68,7,55,6,0,0,1,5,1,80.1
64,1,53,9,0,1,0,6,3,59.0
96,4,72,5,1,1,0,4,4,90.0
93,2,51,9,0,1,1,4,6,81.0
63,1,85,9,0,1,0,8,2,66.6
89,6,99,7,0,0,0,6,9,100.0
56,6,96,4,0,1,1,8,2,87.6
79,4,74,7,1,1,1,2,3,95.4
54,4,81,7,1,0,1,2,4,90.2
75,5,47,8,1,1,0,3,9,98.3
61,5,65,9,0,0,0,8,5,79.2
75,2,86,6,0,1,1,1,7,91.9
78,5,86,9,1,1,1,6,2,100.0
63,7,94,9,1,1,1,4,4,100.0
74,3,85,5,1,1,1,8,2,78.8
74,8,91,8,0,0,1,7,9,100.0
98,8,57,5,0,1,0,1,9,100.0
87,1,41,8,0,1,1,4,8,72.8
78,3,40,4,0,1,1,1,1,63.1
100,5,95,7,0,1,0,4,4,100.0
94,8,81,4,0,1,1,1,3,100.0
80,2,93,4,1,0,1,2,5,86.2
73,6,90,4,0,1,1,7,6,98.1
83,2,97,6,0,0,0,2,8,90.4
69,4,73,4,1,1,0,1,8,95.5
77,4,66,4,0,0,1,1,1,73.3
50,4,62,9,0,0,1,1,1,76.3
98,3,98,5,1,1,0,5,6,98.3
72,6,95,5,1,0,0,6,8,100.0
81,8,56,4,0,1,0,6,5,92.6
55,5,55,6,1,1,1,2,7,94.0
92,2,83,8,0,0,1,2,9,95.6
95,1,57,8,1,1,1,4,10,89.8
88,8,41,8,0,1,0,8,6,95.0
74,6,51,6,0,0,0,7,10,86.7
51,8,82,8,1,0,1,3,6,100.0
78,1,73,5,0,0,1,5,4,63.3
85,4,79,4,1,1,0,4,4,88.6
68,1,82,6,1,0,1,1,5,79.9
54,3,83,9,0,0,0,3,1,74.5
74,7,57,6,1,0,1,8,4,88.6
93,2,53,4,0,0,1,1,10,79.3
66,1,89,9,0,0,0,4,6,77.8
56,8,51,6,0,0,0,3,8,95.1
58,6,67,4,0,0,0,2,5,83.4
51,8,75,9,1,0,1,6,5,100.0
86,3,81,7,1,0,0,4,6,89.6
65,5,42,4,1,1,1,5,1,70.3
86,8,84,9,1,0,0,2,6,100.0
88,6,69,9,1,0,0,6,7,100.0
100,7,51,4,0,0,1,1,3,90.9
91,3,97,8,1,1,0,5,4,98.5
73,1,74,7,1,0,1,3,5,76.7
65,6,94,7,0,0,0,4,7,100.0
62,1,88,6,0,1,0,3,2,69.1
64,8,66,7,0,0,0,8,7,95.2
73,1,52,7,1,1,1,6,7,72.4
57,3,94,9,1,0,0,7,10,96.5
90,1,44,4,0,1,1,2,1,55.6
55,4,90,9,1,1,1,6,5,99.0
96,7,79,5,1,0,1,1,6,100.0
80,4,90,6,1,0,1,7,4,89.5
77,4,86,4,1,1,0,7,9,95.3
56,2,91,5,0,1,1,6,5,76.6
95,1,69,8,0,0,1,2,10,87.6
55,3,85,7,0,1,0,4,3,79.0
94,7,70,8,0,0,1,7,4,98.3
88,2,68,9,1,1,1,8,10,93.8
83,1,42,8,1,1,1,4,3,67.4
69,6,75,9,1,1,0,6,7,100.0
76,5,96,5,1,0,0,7,6,95.1
92,5,72,6,1,0,0,6,5,90.2
64,2,89,9,1,0,1,3,4,87.9
75,3,76,5,1,1,0,5,1,74.9
88,8,42,8,1,0,1,7,9,100.0
59,7,85,4,1,0,0,4,4,95.8
71,6,93,8,0,0,1,2,3,100.0
82,2,67,8,1,1,0,6,5,80.2
85,2,51,6,1,0,0,4,3,64.4
55,5,79,9,0,1,1,2,7,100.0
66,7,46,8,0,1,1,5,9,100.0
67,8,72,8,1,1,1,6,9,100.0
65,6,44,8,1,1,1,4,6,95.6
63,1,46,8,0,1,0,5,4,57.5
52,6,93,8,1,1,0,2,3,100.0
54,2,52,6,0,1,0,1,5,67.1
98,5,47,4,1,1,1,4,7,92.4
87,2,44,9,1,1,0,8,2,65.0
63,8,40,9,0,0,0,3,1,84.1
54,4,57,6,0,1,0,5,9,81.1
96,5,65,4,0,1,1,7,10,95.7
63,7,46,4,0,1,1,7,10,91.5
76,4,72,9,0,0,1,3,9,98.5
78,6,85,5,0,1,1,4,3,97.6
51,7,42,7,1,0,0,6,4,80.0
75,8,65,6,0,1,1,6,4,100.0
60,2,86,6,1,1,0,1,4,84.9
69,8,74,5,0,0,0,4,8,100.0
90,1,56,5,1,0,1,2,9,78.4
85,1,89,8,0,1,1,8,7,83.6
73,8,81,8,0,0,0,1,7,100.0
74,3,73,6,1,0,1,8,7,81.0
76,5,83,7,1,1,0,1,4,100.0
96,4,40,7,0,1,0,1,1,74.7
74,5,53,5,1,0,0,5,3,74.5
62,6,52,8,1,1,1,6,8,99.2
56,3,40,5,1,0,0,1,2,59.7
53,8,41,5,1,1,0,8,5,85.0
74,7,41,5,1,1,1,7,6,90.7
52,3,85,9,1,0,0,6,4,81.4
96,5,78,4,0,1,0,5,8,96.9
84,2,70,5,0,1,1,4,6,78.8
68,8,45,7,0,0,0,7,4,83.1
82,7,52,7,1,0,0,7,5,90.7
63,7,95,9,0,1,0,4,4,100.0
60,3,61,9,0,0,0,2,10,86.4
60,5,60,7,1,1,1,2,8,100.0
75,2,76,5,0,0,0,2,4,70.4
95,1,97,8,1,1,1,8,2,83.8
92,3,76,5,0,0,1,5,7,83.3
65,4,61,8,0,1,0,3,2,77.9
63,8,44,6,0,0,0,7,5,81.7
100,2,45,7,0,0,0,8,8,66.0
50,2,78,6,0,1,0,4,1,64.2
100,7,91,6,1,1,1,1,6,100.0
69,2,97,6,0,1,1,2,10,99.6
63,8,78,8,1,0,1,4,1,100.0
53,6,73,9,0,1,1,2,10,100.0
70,2,43,4,0,0,1,1,1,52.7
62,1,42,5,1,1,0,5,10,66.7
87,8,91,9,0,0,0,6,9,100.0
91,7,62,6,1,0,1,4,3,98.0
54,6,93,9,0,0,1,2,7,100.0
59,3,70,7,0,0,0,7,3,64.3
87,8,59,9,1,0,0,1,9,100.0
57,7,40,8,0,1,1,8,7,88.4
95,3,60,9,0,1,1,5,6,88.5
63,7,45,7,0,1,1,1,5,96.1
98,1,57,5,0,0,1,2,7,71.4
65,8,88,4,1,1,1,8,6,100.0
54,4,77,5,1,0,0,1,6,87.1
94,6,52,5,1,1,1,4,7,100.0
76,3,92,5,0,0,1,2,6,89.0
79,6,77,9,0,0,0,7,6,96.1
89,1,65,8,0,0,0,5,7,71.3
72,8,81,9,1,1,1,6,3,100.0
88,6,89,9,0,0,1,6,8,100.0
92,5,58,8,1,1,1,4,4,97.6
65,7,75,9,0,0,1,5,8,100.0
72,5,72,9,0,1,0,2,5,98.2
61,5,48,4,0,0,0,3,10,79.9
76,4,67,8,0,0,1,6,7,86.0
86,4,50,6,0,1,0,1,4,80.7
59,5,57,6,1,0,1,5,10,92.1
80,1,56,6,0,1,0,3,1,57.9
59,6,62,5,1,1,1,7,2,83.1
81,6,69,5,0,1,0,4,6,94.8
53,7,54,5,0,1,1,7,6,86.7
99,6,40,6,0,1,0,4,5,86.8
79,5,42,9,1,1,1,7,5,88.1
68,1,53,4,0,1,1,3,4,59.3
57,7,86,8,0,1,0,7,2,95.3
88,7,99,4,1,0,1,6,7,100.0
57,7,59,4,0,0,1,4,9,93.0
76,7,81,6,0,1,1,6,9,100.0
79,6,69,5,0,0,0,4,1,79.4
67,1,81,7,0,1,1,1,4,79.3
91,1,81,4,0,0,0,8,7,65.6
94,2,79,8,1,1,0,3,2,85.9
83,4,49,8,1,0,0,3,10,92.7
88,5,97,4,1,0,0,3,2,93.9
80,6,47,5,1,1,1,8,4,83.8
60,3,71,5,1,0,1,5,10,85.9
93,5,76,5,1,0,0,2,1,88.0
80,7,64,7,0,0,1,2,1,92.6
98,4,100,6,1,0,1,6,8,100.0
56,5,81,4,1,1,1,1,7,100.0
86,7,85,6,1,0,1,5,2,100.0
89,8,93,5,1,1,0,1,6,100.0
52,8,93,9,1,0,0,2,2,100.0
58,1,49,7,0,0,1,6,2,48.2
67,7,46,9,1,1,1,6,4,96.8
83,2,69,7,1,0,1,1,8,90.7
53,1,89,5,1,0,1,5,7,75.7
72,7,86,9,0,0,1,8,4,100.0
99,2,73,7,1,1,1,7,4,83.5
61,6,58,9,0,1,1,4,7,99.4
83,6,70,7,0,1,0,7,8,99.1
79,3,69,8,1,1,0,3,5,89.9
70,3,98,8,0,1,0,4,3,89.2
81,3,92,4,1,0,0,1,4,87.5
70,1,83,7,0,1,1,6,2,69.2
58,4,80,5,0,0,1,4,6,82.6
63,8,97,7,1,0,1,5,3,100.0
70,4,100,9,1,0,0,4,5,100.0
68,7,40,8,0,1,1,7,3,84.1
91,8,55,9,0,1,1,5,5,100.0
83,7,49,6,0,1,1,4,8,100.0
53,4,60,7,1,1,1,3,9,95.1
52,8,60,9,0,1,0,3,1,94.9
98,6,99,9,1,1,1,7,8,100.0
97,2,76,4,1,1,1,5,5,83.3
74,6,100,4,0,1,0,2,7,100.0
63,5,75,9,1,1,0,6,5,96.6
59,8,61,8,0,0,0,6,3,89.2
61,7,45,5,1,1,1,5,7,94.7
67,7,55,9,0,0,1,6,3,88.4
79,1,57,4,1,0,1,6,3,56.6
77,5,87,5,1,0,1,2,5,100.0
63,8,88,8,1,0,0,3,8,100.0
98,5,55,7,0,0,1,3,8,95.1
52,7,43,8,0,0,1,4,10,95.6
91,2,65,4,1,0,1,7,2,63.7
93,2,91,8,1,1,1,4,7,100.0
97,5,87,9,1,0,1,2,3,100.0
69,8,66,5,1,0,0,8,5,93.2
68,2,62,6,0,1,0,6,8,72.4
80,1,59,5,1,0,1,1,2,65.1
87,3,48,8,1,1,0,7,8,83.1
56,2,66,4,0,1,1,5,3,62.1
55,1,98,4,0,0,1,3,3,67.7
79,3,69,4,0,1,0,7,1,62.9
83,5,49,5,0,1,1,1,10,97.7
83,2,64,4,1,1,1,6,3,70.2
74,6,63,5,1,0,0,5,2,81.5
83,7,98,7,1,0,0,5,10,100.0
73,8,60,9,1,0,1,4,7,100.0
76,8,79,9,1,1,1,3,7,100.0
86,8,84,9,1,1,0,4,7,100.0
92,3,97,7,1,1,1,8,3,93.2
73,1,94,8,1,1,0,5,1,77.7
89,2,88,7,0,0,0,7,9,84.5
91,8,71,4,0,1,0,3,1,97.1
62,8,78,7,1,0,0,2,6,100.0
56,8,75,9,0,0,0,4,3,99.2
92,4,98,8,1,0,1,1,7,100.0
83,1,95,4,0,0,1,4,7,78.6
71,4,84,4,0,1,0,8,9,86.8
85,8,77,4,0,0,1,3,5,100.0
62,5,85,7,0,1,1,1,1,93.9
96,3,56,7,0,1,1,1,1,79.1
67,7,48,4,1,0,0,5,6,85.1
56,6,68,8,1,1,0,1,8,100.0
67,5,99,8,1,1,1,3,8,100.0
88,6,43,4,1,0,1,6,9,89.8
66,4,99,6,1,0,0,6,7,94.8
98,1,58,6,1,1,1,4,5,76.8
69,3,70,7,0,1,0,7,6,77.3
59,8,53,6,1,0,1,3,9,100.0
89,1,40,6,0,1,0,6,6,58.8
50,7,65,7,0,0,1,5,4,88.5
63,2,48,6,1,0,1,3,1,59.3
77,7,52,9,0,1,1,5,5,99.7
91,5,88,9,1,1,1,7,3,100.0
97,5,89,7,0,1,0,2,4,100.0
67,4,84,5,1,1,0,1,8,100.0
99,5,62,8,1,1,1,1,10,100.0
70,3,89,9,0,0,0,4,10,96.6
70,3,92,4,1,1,1,1,6,97.3
94,7,100,6,0,1,0,6,3,100.0
55,6,84,5,0,0,1,4,5,91.6
97,4,83,9,1,0,0,4,5,99.6
91,3,76,4,1,0,1,2,8,92.6
96,8,72,9,1,0,1,8,2,100.0
77,1,62,5,1,1,1,7,7,71.7
71,8,43,7,0,0,0,7,3,80.9
97,8,90,7,0,0,0,8,4,100.0
76,3,89,5,1,0,0,2,3,83.8
65,7,81,9,0,1,0,7,5,100.0
96,8,44,6,0,1,1,2,8,100.0
100,5,50,9,0,0,1,1,1,86.5
91,7,85,6,1,0,0,7,7,100.0
64,6,41,8,0,1,0,5,10,92.7
62,4,92,7,0,1,1,1,1,91.7
86,6,84,5,0,1,1,3,6,100.0
95,4,90,9,0,0,0,4,10,100.0
77,1,93,9,1,0,0,2,7,91.6
76,4,50,8,1,0,1,6,6,82.2
93,7,73,8,0,0,1,1,2,100.0
98,7,76,8,0,1,1,3,9,100.0
50,7,58,9,0,1,1,3,2,93.7
90,8,63,6,1,1,0,5,3,100.0
92,8,89,5,1,0,0,5,8,100.0
83,7,95,5,1,0,1,3,6,100.0
94,4,47,5,0,0,1,4,1,66.6
55,2,61,5,1,1,0,2,1,64.4
66,7,70,5,0,0,1,1,4,95.7
66,6,97,6,0,1,0,1,5,100.0
64,3,98,6,0,0,0,8,6,79.0
83,2,45,7,0,0,0,2,9,73.6
83,8,88,4,1,1,0,7,7,100.0
84,2,46,4,0,0,1,7,10,65.7
68,3,65,9,0,0,0,8,10,80.6
87,2,80,4,0,0,0,6,5,68.4
56,5,90,7,1,1,1,8,5,97.2
51,5,83,5,1,1,1,4,8,100.0
71,3,50,8,1,0,1,6,10,84.2
63,3,82,6,0,1,0,8,3,71.4
98,1,74,6,1,1,1,8,1,69.2
77,8,54,6,0,1,0,5,2,90.5
93,5,85,6,1,1,0,1,8,100.0
91,8,93,5,0,1,0,3,7,100.0
82,6,66,7,0,0,0,5,7,93.3
84,3,40,5,0,0,1,8,1,50.8
68,6,48,8,1,0,0,5,4,84.3
79,1,66,9,0,0,0,7,7,68.7
98,4,91,6,0,0,0,1,7,100.0
99,1,78,9,1,1,1,7,2,80.5
82,6,47,9,0,0,0,7,2,76.7
56,6,97,6,1,0,1,4,3,100.0
61,4,90,5,1,0,1,7,4,83.7
91,8,64,6,1,1,1,4,8,100.0
75,3,40,5,1,0,0,8,8,65.0
76,3,46,7,1,0,0,3,9,81.1
95,2,55,4,1,0,0,2,9,79.0
96,1,69,6,0,0,1,2,1,65.8
72,4,95,6,0,1,1,2,3,95.4
82,7,92,6,1,0,1,6,10,100.0
61,5,54,5,1,1,1,3,7,91.3
83,6,69,9,0,1,1,3,4,100.0
76,5,66,5,0,1,0,6,8,88.6
85,5,46,7,0,1,1,2,7,93.4
76,1,60,7,0,0,1,4,5,65.2
84,8,53,7,1,1,0,6,1,95.0
51,2,87,5,1,1,1,3,1,75.5
78,4,68,6,1,1,0,4,5,88.8
79,1,86,4,1,0,1,4,3,71.2
51,2,86,7,0,1,1,1,10,95.1
88,4,86,4,0,1,0,8,4,81.0
75,3,94,7,1,0,1,4,9,100.0
95,8,96,5,0,1,0,6,3,100.0
80,5,43,6,0,1,1,7,4,75.7
74,2,95,9,0,0,0,7,9,88.3
62,5,85,7,1,0,0,5,4,90.9
74,1,43,6,1,1,1,6,6,65.0
75,7,100,5,1,1,0,1,3,100.0
52,5,89,6,0,0,0,5,10,95.5
66,7,75,8,0,1,0,6,2,94.2
91,2,83,9,0,0,1,3,5,87.9
88,8,63,8,0,1,0,4,1,99.8
61,2,69,5,1,0,1,7,8,73.3
78,4,68,4,1,1,1,5,6,88.3
72,6,87,5,1,1,1,8,7,100.0
98,1,40,5,1,1,1,6,5,64.6
71,1,92,4,1,0,0,6,1,62.0
62,3,47,4,0,0,1,7,9,64.7
61,8,53,9,0,1,1,1,4,100.0
73,1,44,4,0,0,0,3,10,60.7
100,1,96,9,1,0,0,2,2,87.4
72,8,73,5,1,0,1,4,9,100.0
96,5,57,8,1,0,0,6,8,95.0
77,4,73,5,1,1,0,4,4,86.6
96,7,66,4,1,1,1,5,5,100.0
89,5,63,6,1,1,1,6,7,98.0
61,1,64,8,1,1,1,5,8,80.3
97,3,55,7,1,1,1,1,1,83.9
75,6,65,4,0,0,0,7,7,82.5
65,5,93,4,1,1,0,7,8,98.7
91,1,70,6,1,0,1,4,3,71.2
81,1,47,6,0,0,0,1,8,66.5
53,2,62,8,0,0,1,7,1,55.9
74,5,76,6,0,1,1,7,3,85.7
96,8,41,6,0,0,0,1,4,94.1
64,5,41,5,1,1,0,5,3,72.7
96,3,43,5,1,1,0,8,10,79.4
82,2,82,4,0,0,0,6,3,64.2
97,3,58,5,1,0,0,3,8,84.1
83,3,78,6,1,0,1,1,5,91.3
79,5,77,8,0,1,1,1,1,96.1
98,2,97,5,0,1,1,2,6,95.4
90,6,91,5,0,0,0,2,8,100.0
64,6,85,9,1,0,0,3,3,100.0
64,4,76,4,0,1,1,3,9,92.7
58,7,60,8,0,0,0,7,3,82.1
63,1,75,9,0,1,1,8,5,71.6
59,6,91,7,1,0,1,5,4,100.0
94,6,52,8,1,1,0,5,1,90.1
57,1,58,4,1,1,1,1,6,71.1
67,5,96,5,0,1,0,5,2,88.3
83,7,79,6,0,1,0,4,7,100.0
83,3,67,5,0,0,1,8,6,71.4
64,5,76,4,0,0,1,7,5,78.7
93,5,48,5,1,1,0,5,2,79.3
97,4,100,6,1,1,1,1,1,100.0
89,6,81,5,0,1,1,4,1,94.2
68,7,40,5,1,0,1,5,9,93.1
79,7,49,9,1,1,0,3,10,100.0
96,2,87,5,1,1,1,6,5,88.0
95,3,69,5,0,0,1,2,10,91.6
55,6,41,8,0,1,0,8,10,86.4
50,7,56,4,1,1,1,1,1,88.9
57,8,84,8,0,0,1,8,4,100.0
99,4,49,9,0,1,0,8,2,74.4
84,5,52,4,1,1,0,4,5,84.6
74,3,59,9,0,1,1,5,7,85.9
96,5,72,6,0,0,0,1,8,99.5
89,2,91,6,1,1,1,4,9,100.0
88,6,43,9,1,1,0,6,3,89.8
95,3,93,8,1,0,0,8,6,92.2
61,6,96,8,1,1,0,1,8,100.0
69,8,59,9,0,0,0,3,5,100.0
66,4,43,7,1,1,0,4,5,78.4
92,3,82,7,1,1,1,7,7,96.7
73,7,74,7,0,1,1,4,3,100.0
77,8,66,5,0,0,0,3,6,99.3
51,5,63,4,0,0,1,8,7,73.4
64,7,81,4,1,1,1,5,4,100.0
100,4,82,8,0,0,0,6,8,95.8
69,5,66,5,0,1,0,2,5,87.2
90,2,79,5,1,1,1,6,8,89.6
75,3,40,8,1,0,1,5,6,74.5
96,2,46,7,1,1,1,4,7,82.6
79,4,53,5,0,0,1,2,7,81.0
85,4,68,5,0,0,0,6,6,77.2
67,1,60,7,0,0,1,7,8,64.9
61,6,77,4,0,0,1,3,4,87.5
52,2,69,6,1,1,0,8,10,78.0
94,8,59,5,1,1,1,4,4,100.0
93,8,65,6,0,0,1,6,1,92.6
58,7,68,5,0,1,0,1,9,100.0
76,4,52,9,0,1,1,7,9,89.5
69,8,51,4,1,1,0,5,7,98.7
79,4,50,6,1,0,0,3,1,70.3
77,3,78,4,0,0,0,3,5,75.1
94,4,88,5,1,0,1,4,2,90.0
67,1,58,6,1,1,1,8,4,62.6
90,7,91,6,1,0,1,1,9,100.0
76,1,46,5,1,0,0,2,8,66.6
58,6,79,9,0,1,1,3,9,100.0
62,5,94,9,0,1,1,7,10,100.0
56,8,97,4,0,0,0,3,9,100.0
100,5,95,8,0,1,1,5,9,100.0
66,6,71,8,0,1,0,6,2,87.6
72,1,97,5,1,1,0,6,9,87.2
64,4,95,7,0,1,1,2,3,95.8
97,4,47,7,0,1,1,3,7,89.7
91,3,43,7,1,0,1,4,3,72.4
74,2,76,4,1,1,1,1,6,86.7
65,1,82,5,0,1,0,8,1,55.8
51,4,98,4,1,0,1,8,1,75.4
77,6,56,8,1,1,1,8,9,100.0
86,2,77,8,0,1,1,5,8,90.5
88,1,78,4,1,1,0,7,9,79.3
77,7,60,4,0,0,1,6,7,90.4
51,4,83,9,0,1,0,8,6,86.4
72,6,70,4,0,0,1,4,2,81.4
75,4,78,4,1,0,0,6,9,88.2
90,6,94,7,0,1,0,6,3,100.0
52,1,100,4,0,1,1,4,1,67.4
68,1,92,4,0,1,1,6,4,70.4
54,8,93,5,0,0,1,6,7,100.0
82,7,80,7,0,0,1,7,9,100.0
82,6,86,7,1,1,1,3,4,100.0
66,3,51,7,0,1,1,8,1,60.6
61,7,73,4,0,0,1,8,8,91.4
76,7,55,4,1,0,1,7,7,91.7
99,4,44,4,0,0,1,7,9,75.9
65,6,47,4,0,0,0,5,1,64.3
64,5,52,6,0,1,1,4,3,78.6
73,3,73,4,1,1,1,3,2,79.3
81,4,78,8,1,1,0,6,9,100.0
59,3,49,5,0,1,1,8,2,56.4
94,5,44,5,1,0,1,6,9,88.4
50,4,61,8,1,1,1,6,4,82.4
50,8,72,9,0,0,1,1,1,100.0
58,2,86,4,0,0,0,6,9,73.0
50,1,55,9,0,0,0,1,3,59.5
52,1,67,8,0,1,0,3,2,62.7
89,7,45,6,1,1,1,5,5,98.3
59,4,77,9,1,0,1,4,9,100.0
94,3,50,4,0,0,0,3,10,77.3
100,2,49,8,1,0,1,3,4,77.1
90,4,81,5,0,1,1,7,4,85.9
67,5,87,9,0,1,0,7,3,91.7
78,8,83,6,1,0,1,4,2,100.0
82,4,79,5,1,0,0,1,10,100.0
65,5,48,9,0,1,1,5,1,77.7
67,4,94,4,0,0,1,1,3,86.5
83,2,72,7,1,0,0,1,4,80.9
67,3,97,5,1,1,0,4,10,100.0
62,5,55,7,0,0,0,6,7,78.4
83,4,95,6,0,1,0,5,6,96.1
51,1,77,4,1,1,1,3,8,78.5
79,4,73,7,1,0,1,6,6,90.0
98,1,98,9,1,1,1,2,9,100.0
78,5,98,7,1,1,1,7,3,100.0
61,8,57,8,1,0,1,6,10,100.0
76,5,43,9,1,0,1,6,4,82.4
78,7,62,6,1,0,0,5,3,90.9
94,4,43,4,1,1,1,5,5,79.5
51,6,95,6,1,1,1,7,1,94.7
81,2,47,4,0,0,0,6,9,62.0
66,2,45,7,0,1,1,6,8,70.2
72,4,94,8,1,0,1,1,8,100.0
100,7,52,9,0,0,1,3,6,100.0
66,4,68,6,1,0,1,7,10,89.9
57,1,97,8,0,0,0,3,1,68.7
75,1,70,7,1,0,0,8,9,73.0
69,8,63,5,0,0,1,3,9,100.0
58,6,97,6,0,0,1,2,6,100.0
62,4,48,7,0,1,1,7,6,75.1
93,4,59,6,0,0,1,3,10,92.7
91,1,55,9,0,0,1,7,3,61.7
91,7,63,4,1,1,1,3,3,100.0
67,6,71,6,0,0,1,6,9,95.8
92,7,71,9,0,1,0,7,9,100.0
56,4,58,8,0,1,0,3,5,80.9
94,7,86,4,1,1,0,6,10,100.0
60,5,52,9,1,1,1,4,6,94.8
84,8,99,4,0,1,0,5,8,100.0
89,2,62,7,0,1,1,3,4,78.1
59,4,42,7,0,0,0,3,2,62.1
82,4,44,8,1,0,0,2,3,78.0
75,4,62,9,1,1,1,1,4,97.3
98,1,99,5,1,1,0,3,5,89.7
75,7,88,7,1,1,0,4,9,100.0
90,3,77,5,1,0,1,6,2,76.8
63,3,53,6,0,0,0,6,4,59.8
94,1,84,9,0,0,0,8,3,69.4
97,8,98,8,0,1,1,6,5,100.0
62,2,89,8,0,1,0,2,10,96.0
74,5,41,9,0,1,0,3,1,76.7
54,2,73,4,0,0,1,7,8,66.5
85,4,82,5,1,0,1,4,4,89.8
59,6,52,8,0,0,0,6,1,71.6
84,1,78,4,1,1,0,4,6,77.0
60,3,79,4,0,1,0,8,5,69.6
69,8,83,5,0,0,0,8,5,95.0
62,4,45,8,1,1,0,2,1,75.4
88,2,100,7,0,0,1,8,2,76.6
90,6,96,5,1,0,0,1,9,100.0
82,3,79,4,0,1,1,2,8,92.0
96,6,47,7,1,0,1,7,4,87.5
92,7,83,5,1,1,0,8,4,100.0
71,8,88,7,0,1,0,4,4,100.0
64,6,45,4,0,0,1,5,10,84.3
60,7,92,8,0,0,0,6,4,98.8
70,6,72,6,1,1,1,5,6,100.0
65,3,55,4,1,0,0,7,9,70.5
60,4,86,5,1,0,1,4,4,86.4
94,1,89,8,0,1,1,6,5,84.4
55,2,74,6,1,1,0,5,6,77.1
82,5,87,4,0,1,0,6,3,86.2
82,1,40,4,1,0,1,2,5,60.4
100,5,56,6,1,1,0,5,10,100.0
75,4,71,9,0,0,0,5,8,89.9
79,5,100,8,0,1,1,5,10,100.0
75,7,82,9,0,0,1,5,3,100.0
76,1,42,7,1,0,0,5,10,68.5
85,2,56,4,0,1,1,6,5,66.4
99,6,54,5,1,0,0,8,6,86.4
54,2,97,8,1,1,0,5,5,88.1
50,5,51,6,1,0,1,6,5,76.4
97,1,45,8,1,0,0,8,4,59.4
57,8,65,7,0,0,0,8,6,91.4
75,1,74,5,0,0,0,2,6,68.6
53,5,90,9,0,1,1,3,6,100.0
74,7,69,7,0,1,1,1,2,100.0
98,3,82,7,1,1,0,1,5,99.9
54,7,95,8,1,1,0,4,2,100.0
57,1,44,9,1,1,1,5,4,65.5
89,6,62,5,1,1,1,8,9,100.0
99,6,69,8,0,0,1,4,1,92.4
89,3,92,5,0,0,0,4,3,79.6
94,7,62,6,0,0,1,6,8,100.0
92,1,67,7,1,1,1,1,7,89.7
62,8,96,8,0,1,0,3,6,100.0
96,5,86,6,0,1,0,7,3,91.1
86,7,47,4,1,1,1,2,5,99.0
88,3,46,8,0,1,1,7,1,66.5
88,5,78,5,0,0,0,4,1,79.8
95,5,54,9,0,0,0,8,1,73.6
96,2,89,9,0,0,1,3,9,99.3
69,2,79,5,1,1,0,6,9,84.4
99,6,44,4,1,1,1,3,5,93.9
81,4,41,6,1,1,1,6,8,84.6
80,5,61,4,1,1,1,3,7,95.9
79,6,57,9,1,1,1,4,9,100.0
56,8,97,9,1,1,0,2,1,100.0
67,7,53,5,1,1,1,7,2,86.1
81,1,62,5,0,0,1,3,10,74.5
63,7,51,5,1,0,1,3,4,89.5
67,3,40,8,1,1,0,4,2,68.4
69,8,79,5,0,0,0,3,6,100.0
69,6,43,9,1,1,0,5,5,91.5
72,3,58,5,1,0,1,1,3,75.1
93,1,65,7,0,0,1,6,8,73.6
86,8,52,6,1,0,1,1,3,100.0
87,2,66,6,0,1,1,2,10,90.8
86,1,70,5,1,1,0,1,10,88.7
68,8,73,5,1,1,1,6,8,100.0
53,7,84,9,1,1,0,3,4,100.0
51,1,57,4,0,1,0,2,9,66.0
97,3,76,5,0,1,1,2,5,89.8
58,1,49,7,1,1,0,5,10,72.7
61,3,56,6,0,0,1,7,7,68.1
93,6,78,7,1,0,0,3,1,96.3
99,8,46,5,0,0,1,1,3,95.7
53,2,50,8,0,1,0,8,6,61.6
66,2,81,6,1,1,0,5,2,74.1
85,1,98,8,0,0,1,1,3,84.7
89,8,98,6,1,1,1,4,9,100.0
78,3,63,5,0,0,0,4,3,65.8
56,4,57,4,1,1,0,6,5,73.0
54,6,44,7,1,1,1,4,2,83.4
66,2,46,9,0,1,0,4,3,64.6
85,2,65,6,1,1,1,5,6,82.5
56,2,47,9,0,0,0,8,2,50.0
91,7,91,5,1,1,1,2,6,100.0
62,1,98,4,0,0,0,8,1,54.6
94,3,71,9,0,0,1,7,8,88.7
72,3,77,9,0,1,1,4,3,86.2
99,5,62,5,1,0,1,7,4,85.1
75,5,61,9,1,1,0,1,5,100.0
92,7,55,5,0,0,1,1,2,90.9
58,7,79,5,0,1,0,2,9,100.0
87,8,45,8,1,1,1,6,5,100.0
100,7,68,6,0,0,0,3,10,100.0
81,1,68,4,1,0,0,8,1,51.4
70,5,69,6,0,1,0,5,10,96.1
60,7,65,7,0,1,0,6,1,85.0
73,1,57,4,1,0,0,6,6,58.4
73,6,97,9,1,1,1,2,7,100.0
64,8,93,4,0,0,1,6,8,100.0
98,5,51,9,0,0,1,2,2,87.0
55,1,100,7,1,0,1,2,4,83.0
69,8,62,7,0,0,0,2,6,100.0
75,8,100,4,0,1,0,5,6,100.0
69,2,67,4,1,1,1,5,2,68.1
74,8,98,7,0,1,1,1,4,100.0
92,5,40,8,0,0,0,8,10,83.4
87,3,69,6,0,1,1,6,1,73.0
88,2,52,6,0,0,0,6,3,57.4
72,6,100,6,0,0,1,1,2,100.0
62,2,93,4,0,1,1,3,4,79.1
91,6,41,4,0,1,0,4,3,77.6
73,7,61,8,0,1,1,4,4,100.0
87,8,57,9,1,0,0,1,5,100.0
100,4,74,7,0,1,0,1,9,100.0
52,1,89,8,1,0,1,3,4,78.5
50,2,44,6,0,1,1,4,7,65.6
67,1,70,4,0,1,0,8,10,67.4
92,2,62,7,1,0,0,7,2,65.7
64,6,84,5,1,0,1,7,5,93.9
61,3,68,7,0,1,1,3,4,79.9
53,7,57,4,0,1,1,7,6,85.9
80,2,91,6,0,0,1,8,4,73.4
53,7,61,9,1,0,0,6,7,98.0
89,7,62,8,0,0,0,1,10,100.0
55,2,51,9,1,1,1,4,8,82.4
87,8,41,9,0,1,0,6,9,100.0
53,3,70,6,0,1,0,8,6,70.6
86,1,51,5,0,1,0,2,6,66.6
57,7,72,7,0,0,1,1,9,100.0
67,7,97,4,1,0,0,4,5,100.0
71,3,63,8,0,0,1,3,1,70.9
61,5,85,4,0,1,1,6,2,82.2
86,4,50,5,1,1,0,3,3,78.7
50,8,69,5,0,0,0,4,9,99.6
61,2,68,6,1,1,1,1,1,74.9
50,1,65,7,1,0,0,7,6,61.5
79,6,94,4,0,1,0,2,5,100.0
82,1,79,4,0,0,1,5,5,66.5
56,3,65,6,0,0,0,3,6,71.7
64,4,83,9,0,0,0,1,1,84.5
53,3,63,4,1,1,1,3,10,87.3
57,8,71,8,1,1,0,5,5,100.0
80,2,88,5,1,1,0,6,10,92.2
84,8,71,9,0,0,0,8,3,97.2
73,8,83,8,0,1,0,5,10,100.0
77,1,80,7,1,1,1,6,9,88.4
54,1,68,6,0,1,1,5,2,59.5
71,8,99,9,1,1,1,3,6,100.0
72,5,80,9,1,1,0,8,1,89.4
60,2,93,6,1,1,1,7,4,81.7
94,7,47,7,0,1,0,1,1,92.1
72,5,76,8,1,1,1,6,9,100.0
72,8,49,5,0,1,0,6,10,100.0
91,2,66,7,1,1,1,2,2,82.6
55,2,99,4,1,0,0,5,1,68.1
74,2,84,4,1,1,0,6,8,83.4
74,8,94,9,0,1,1,5,2,100.0
95,7,92,5,1,0,1,2,8,100.0
55,6,72,7,0,1,1,3,2,91.3
100,5,49,8,0,1,1,3,4,92.1
58,7,54,8,0,1,0,7,8,94.7
65,1,69,9,1,0,0,7,3,64.1
53,1,52,8,1,0,0,1,1,57.9
85,1,58,6,0,1,0,2,1,61.2
51,6,58,6,1,0,0,5,6,84.9
54,6,46,9,0,0,0,2,10,94.2
89,7,82,6,1,1,1,2,4,100.0
85,7,43,7,1,0,0,1,7,100.0
100,3,72,9,1,1,1,7,1,86.3
51,8,64,5,1,0,0,5,1,85.3
60,7,83,4,0,1,0,1,7,100.0
83,1,98,6,1,0,0,2,8,90.8
87,1,80,7,0,1,0,8,7,75.4
62,6,85,8,1,0,1,8,8,100.0
85,8,42,8,0,0,1,8,10,100.0
63,6,53,8,1,1,1,2,10,100.0
75,6,91,8,1,1,1,2,8,100.0
69,5,64,6,0,0,0,6,4,75.4
65,3,71,9,1,0,1,3,9,95.9
82,8,93,7,1,1,1,8,9,100.0
51,6,97,9,0,0,1,1,2,100.0
82,6,82,7,0,0,0,3,4,96.7
81,4,92,4,1,1,1,6,6,97.0
78,8,57,8,1,0,0,5,5,100.0
82,7,95,6,0,1,1,5,1,100.0
66,6,47,7,0,1,0,5,9,91.5
96,5,55,6,1,0,0,6,5,84.2
54,7,52,4,1,1,0,1,5,93.1
52,2,60,4,1,0,1,8,4,56.4
55,6,75,9,1,1,0,3,9,100.0
96,8,90,8,0,0,1,1,3,100.0
57,4,62,5,0,0,1,1,9,85.7
100,4,75,5,1,1,0,3,3,91.5
64,1,74,9,0,0,1,7,4,65.9
60,3,49,7,0,1,0,4,7,73.6
86,3,75,6,0,0,0,1,5,82.7
67,6,65,4,1,1,1,5,7,96.9
50,4,43,5,0,1,1,2,10,82.2
97,6,73,4,0,0,1,2,5,96.6
52,1,72,8,1,0,1,8,3,62.2
82,7,79,9,1,1,1,2,6,100.0
55,7,79,5,0,1,1,5,9,100.0
77,1,80,7,1,0,0,3,1,68.9
60,8,47,9,0,1,1,3,5,100.0
59,6,50,6,0,0,0,4,4,75.8
79,3,40,8,1,0,1,8,2,62.8
82,2,89,9,0,1,0,6,5,86.0
56,1,67,4,0,0,1,3,7,63.5
53,2,59,9,0,0,1,5,7,71.7
80,1,51,8,0,0,1,3,8,71.9
81,4,49,4,1,0,0,7,3,64.3
63,8,68,6,0,0,0,7,7,95.3
75,8,59,7,1,1,1,6,2,100.0
52,8,53,7,1,1,0,7,9,100.0
87,4,59,8,1,0,1,3,9,98.5
89,3,65,6,0,0,0,6,10,81.8
53,4,55,4,0,1,1,7,9,76.1
73,5,50,8,0,0,1,8,4,74.6
66,6,69,9,0,0,0,3,10,100.0
71,5,51,5,1,0,1,2,7,88.6
80,7,100,4,0,1,0,7,9,100.0
56,3,73,4,0,0,1,6,7,71.4
66,5,65,9,0,1,0,4,7,95.2
74,3,42,4,0,1,1,7,3,58.1
92,1,60,6,0,0,1,1,8,76.9
51,6,72,7,1,1,1,7,8,100.0
86,4,44,9,0,1,1,7,9,88.3
60,2,92,7,0,1,0,4,7,85.8
53,3,57,6,1,0,1,7,4,65.9
65,4,45,6,1,1,0,3,4,76.5
100,7,58,7,0,1,0,5,6,100.0
61,1,66,4,0,1,0,6,7,61.6
92,3,69,7,0,1,0,8,7,82.0
57,2,59,7,1,0,1,6,9,76.0
95,2,93,8,1,1,0,2,1,91.2
93,6,81,7,1,1,1,7,2,100.0
76,5,53,8,1,0,0,8,5,80.4
94,1,80,7,0,0,1,7,5,72.3
93,2,99,4,1,0,0,5,4,81.7
89,6,87,8,0,1,1,4,2,100.0
84,2,68,4,0,0,1,2,7,76.0
94,1,77,8,1,0,1,1,10,97.1
95,2,91,9,0,1,0,1,9,100.0
96,3,79,6,0,0,1,6,8,87.8
54,3,57,7,1,0,1,1,8,85.1
100,4,55,9,1,1,1,7,4,90.5
